Economy_Label,Year,Annual_average_growth_rate_Value,Annual_average_growth_rate_Footnote,Annual_average_growth_rate_MissingValue
"Individual economies",2010,,,"Not applicable"
"Individual economies",2011,,,"Not applicable"
"Individual economies",2012,,,"Not applicable"
"Individual economies",2013,,,"Not applicable"
"Individual economies",2014,,,"Not applicable"
"Individual economies",2015,,,"Not applicable"
"Individual economies",2016,,,"Not applicable"
"Individual economies",2017,,,"Not applicable"
"Individual economies",2018,,,"Not applicable"
"Individual economies",2019,,,"Not applicable"
"Individual economies",2020,,,"Not applicable"
"Individual economies",2021,,,"Not applicable"
"Individual economies",2022,,,"Not applicable"
"Afghanistan",2010,,,"Not available or not separately reported"
"Afghanistan",2011,12.17,,
"Afghanistan",2012,-28.64,,
"Afghanistan",2013,-9.9,,
"Afghanistan",2014,4.67,,
"Afghanistan",2015,-1.55,,
"Afghanistan",2016,2.12,,
"Afghanistan",2017,-10.57,,
"Afghanistan",2018,0.63,,
"Afghanistan",2019,2.3,,
"Afghanistan",2020,5.6,,
"Afghanistan",2021,5.13,,
"Afghanistan",2022,13.71,,
"Albania",2010,3.61,,
"Albania",2011,3.44,,
"Albania",2012,2.04,,
"Albania",2013,1.93,,
"Albania",2014,1.61,,
"Albania",2015,1.87,,
"Albania",2016,1.29,,
"Albania",2017,1.98,,
"Albania",2018,2.03,,
"Albania",2019,1.41,,
"Albania",2020,1.62,,
"Albania",2021,2.04,,
"Albania",2022,6.73,,
"Algeria",2010,3.91,,
"Algeria",2011,4.5,,
"Algeria",2012,8.92,,
"Algeria",2013,3.26,,
"Algeria",2014,2.92,,
"Algeria",2015,4.78,,
"Algeria",2016,6.4,,
"Algeria",2017,5.59,,
"Algeria",2018,4.27,,
"Algeria",2019,1.95,,
"Algeria",2020,2.42,,
"Algeria",2021,7.23,,
"Algeria",2022,9.27,,
"Andorra",2010,1.71,,
"Andorra",2011,2.55,,
"Andorra",2012,1.47,,
"Andorra",2013,0.47,,
"Andorra",2014,-0.1,,
"Andorra",2015,-1.13,,
"Andorra",2016,-0.42,,
"Andorra",2017,2.59,,
"Andorra",2018,1,,
"Andorra",2019,0.53,,
"Andorra",2020,0.09,,
"Andorra",2021,1.68,,
"Andorra",2022,6.2,,
"Angola",2010,14.48,,
"Angola",2011,13.48,,
"Angola",2012,10.28,,
"Angola",2013,8.78,,
"Angola",2014,7.3,,
"Angola",2015,9.16,,
"Angola",2016,30.69,,
"Angola",2017,29.84,,
"Angola",2018,19.63,,
"Angola",2019,17.08,,
"Angola",2020,22.28,,
"Angola",2021,25.77,,
"Angola",2022,21.36,,
"Anguilla",2010,2.15,,
"Anguilla",2011,4.7,,
"Anguilla",2012,1.43,,
"Anguilla",2013,0.19,,
"Anguilla",2014,-0.28,,
"Anguilla",2015,-0.94,,
"Anguilla",2016,-0.57,,
"Anguilla",2017,1.34,,
"Anguilla",2018,0.38,,
"Anguilla",2019,0.75,,
"Anguilla",2020,-0.47,,
"Anguilla",2021,1.78,,
"Anguilla",2022,3.04,,
"Antigua and Barbuda",2010,3.37,,
"Antigua and Barbuda",2011,3.46,,
"Antigua and Barbuda",2012,3.38,,
"Antigua and Barbuda",2013,1.06,,
"Antigua and Barbuda",2014,1.09,,
"Antigua and Barbuda",2015,0.97,,
"Antigua and Barbuda",2016,-0.49,,
"Antigua and Barbuda",2017,2.43,,
"Antigua and Barbuda",2018,1.21,,
"Antigua and Barbuda",2019,1.43,,
"Antigua and Barbuda",2020,1.06,,
"Antigua and Barbuda",2021,1.63,,
"Antigua and Barbuda",2022,7.53,,
"Argentina",2010,10.46,,
"Argentina",2011,9.78,,
"Argentina",2012,10.04,,
"Argentina",2013,10.62,,
"Argentina",2014,21.36,,
"Argentina",2015,21.49,,
"Argentina",2016,40.5,,
"Argentina",2017,25.66,,
"Argentina",2018,34.15,,
"Argentina",2019,52.8,,
"Argentina",2020,40.48,,
"Argentina",2021,47.1,,
"Argentina",2022,73.13,,
"Armenia",2010,8.15,,
"Armenia",2011,7.49,,
"Armenia",2012,2.49,,
"Armenia",2013,5.71,,
"Armenia",2014,3.02,,
"Armenia",2015,3.7,,
"Armenia",2016,-1.42,,
"Armenia",2017,1.19,,
"Armenia",2018,2.49,,
"Armenia",2019,1.44,,
"Armenia",2020,1.23,,
"Armenia",2021,7.2,,
"Armenia",2022,8.66,,
"Aruba",2010,2.08,,
"Aruba",2011,4.38,,
"Aruba",2012,0.57,,
"Aruba",2013,-2.37,,
"Aruba",2014,0.42,,
"Aruba",2015,0.47,,
"Aruba",2016,-0.93,,
"Aruba",2017,-1.03,,
"Aruba",2018,3.63,,
"Aruba",2019,3.94,,
"Aruba",2020,-1.31,,
"Aruba",2021,0.73,,
"Aruba",2022,5.59,,
"Australia",2010,2.86,,
"Australia",2011,3.36,,
"Australia",2012,1.69,,
"Australia",2013,2.45,,
"Australia",2014,2.51,,
"Australia",2015,1.48,,
"Australia",2016,1.28,,
"Australia",2017,1.99,,
"Australia",2018,1.93,,
"Australia",2019,1.59,,
"Australia",2020,0.87,,
"Australia",2021,2.82,,
"Australia",2022,6.62,,
"Austria",2010,1.69,,
"Austria",2011,3.54,,
"Austria",2012,2.57,,
"Austria",2013,2.12,,
"Austria",2014,1.47,,
"Austria",2015,0.81,,
"Austria",2016,0.97,,
"Austria",2017,2.23,,
"Austria",2018,2.12,,
"Austria",2019,1.49,,
"Austria",2020,1.39,,
"Austria",2021,2.76,,
"Austria",2022,8.61,,
"Azerbaijan",2010,5.66,,
"Azerbaijan",2011,7.75,,
"Azerbaijan",2012,1.01,,
"Azerbaijan",2013,2.42,,
"Azerbaijan",2014,1.45,,
"Azerbaijan",2015,4.05,,
"Azerbaijan",2016,12.44,,
"Azerbaijan",2017,12.84,,
"Azerbaijan",2018,2.33,,
"Azerbaijan",2019,2.71,,
"Azerbaijan",2020,2.82,,
"Azerbaijan",2021,6.66,,
"Azerbaijan",2022,13.8,,
"Bahamas",2010,1.62,,
"Bahamas",2011,3.06,,
"Bahamas",2012,1.91,,
"Bahamas",2013,0.45,,
"Bahamas",2014,1.18,,
"Bahamas",2015,1.88,,
"Bahamas",2016,-0.33,,
"Bahamas",2017,1.5,,
"Bahamas",2018,2.27,,
"Bahamas",2019,2.49,,
"Bahamas",2020,0.04,,
"Bahamas",2021,2.9,,
"Bahamas",2022,5.61,,
"Bahrain",2010,1.96,,
"Bahrain",2011,-0.34,,
"Bahrain",2012,2.76,,
"Bahrain",2013,3.3,,
"Bahrain",2014,2.65,,
"Bahrain",2015,1.85,,
"Bahrain",2016,2.79,,
"Bahrain",2017,1.39,,
"Bahrain",2018,2.09,,
"Bahrain",2019,1.01,,
"Bahrain",2020,-2.33,,
"Bahrain",2021,-0.61,,
"Bahrain",2022,3.63,,
"Bangladesh",2010,7.32,,
"Bangladesh",2011,8.79,,
"Bangladesh",2012,8.89,,
"Bangladesh",2013,6.78,,
"Bangladesh",2014,7.35,,
"Bangladesh",2015,6.41,,
"Bangladesh",2016,5.92,,
"Bangladesh",2017,5.44,,
"Bangladesh",2018,5.78,,
"Bangladesh",2019,5.47,,
"Bangladesh",2020,5.65,,
"Bangladesh",2021,5.56,,
"Bangladesh",2022,6.15,,
"Barbados",2010,5.82,,
"Barbados",2011,9.43,,
"Barbados",2012,4.53,,
"Barbados",2013,1.81,,
"Barbados",2014,1.77,,
"Barbados",2015,-1.11,,
"Barbados",2016,1.51,,
"Barbados",2017,4.41,,
"Barbados",2018,3.69,,
"Barbados",2019,4.1,,
"Barbados",2020,2.88,,
"Barbados",2021,3.06,,
"Barbados",2022,9.41,,
"Belarus",2010,7.74,,
"Belarus",2011,53.23,,
"Belarus",2012,59.22,,
"Belarus",2013,18.3,,
"Belarus",2014,18.11,,
"Belarus",2015,13.52,,
"Belarus",2016,11.83,,
"Belarus",2017,6.03,,
"Belarus",2018,4.87,,
"Belarus",2019,5.6,,
"Belarus",2020,5.54,,
"Belarus",2021,9.45,,
"Belarus",2022,14.85,,
"Belgium",2010,2.33,,
"Belgium",2011,3.35,,
"Belgium",2012,2.63,,
"Belgium",2013,1.25,,
"Belgium",2014,0.49,,
"Belgium",2015,0.62,,
"Belgium",2016,1.77,,
"Belgium",2017,2.22,,
"Belgium",2018,2.31,,
"Belgium",2019,1.25,,
"Belgium",2020,0.43,,
"Belgium",2021,3.22,,
"Belgium",2022,10.33,,
"Belize",2010,0.92,,
"Belize",2011,1.66,,
"Belize",2012,1.25,,
"Belize",2013,0.51,,
"Belize",2014,1.2,,
"Belize",2015,-0.86,,
"Belize",2016,0.66,,
"Belize",2017,1.15,,
"Belize",2018,0.27,,
"Belize",2019,0.19,,
"Belize",2020,0.12,,
"Belize",2021,3.24,,
"Belize",2022,6.27,,
"Benin",2010,2.34,,
"Benin",2011,2.85,,
"Benin",2012,7,,
"Benin",2013,0.97,,
"Benin",2014,-1.07,,
"Benin",2015,0.2,,
"Benin",2016,-0.79,,
"Benin",2017,1.77,,
"Benin",2018,0.85,,
"Benin",2019,-0.93,,
"Benin",2020,3.05,,
"Benin",2021,1.7,,
"Benin",2022,1.5,,
"Bermuda",2010,2.42,,
"Bermuda",2011,2.7,,
"Bermuda",2012,2.43,,
"Bermuda",2013,1.77,,
"Bermuda",2014,2,,
"Bermuda",2015,1.02,,
"Bermuda",2016,0.6,,
"Bermuda",2017,-18.09,,
"Bermuda",2018,1.34,,
"Bermuda",2019,0.94,,
"Bermuda",2020,0.04,,
"Bermuda",2021,1.42,,
"Bermuda",2022,2.8,,
"Bhutan",2010,4.83,,
"Bhutan",2011,8.55,,
"Bhutan",2012,10.11,,
"Bhutan",2013,8.11,,
"Bhutan",2014,9.6,,
"Bhutan",2015,6.67,,
"Bhutan",2016,3.28,,
"Bhutan",2017,4.31,,
"Bhutan",2018,3.66,,
"Bhutan",2019,2.82,,
"Bhutan",2020,3.04,,
"Bhutan",2021,8.22,,
"Bhutan",2022,5.94,,
"Bolivia (Plurinational State of)",2010,2.5,,
"Bolivia (Plurinational State of)",2011,9.88,,
"Bolivia (Plurinational State of)",2012,4.52,,
"Bolivia (Plurinational State of)",2013,5.74,,
"Bolivia (Plurinational State of)",2014,5.77,,
"Bolivia (Plurinational State of)",2015,4.06,,
"Bolivia (Plurinational State of)",2016,3.62,,
"Bolivia (Plurinational State of)",2017,2.82,,
"Bolivia (Plurinational State of)",2018,2.27,,
"Bolivia (Plurinational State of)",2019,1.84,,
"Bolivia (Plurinational State of)",2020,0.94,,
"Bolivia (Plurinational State of)",2021,0.74,,
"Bolivia (Plurinational State of)",2022,1.75,,
"Bosnia and Herzegovina",2010,2.12,,
"Bosnia and Herzegovina",2011,3.99,,
"Bosnia and Herzegovina",2012,2.05,,
"Bosnia and Herzegovina",2013,-0.09,,
"Bosnia and Herzegovina",2014,-0.9,,
"Bosnia and Herzegovina",2015,-1.02,,
"Bosnia and Herzegovina",2016,-1.58,,
"Bosnia and Herzegovina",2017,0.81,,
"Bosnia and Herzegovina",2018,1.42,,
"Bosnia and Herzegovina",2019,0.56,,
"Bosnia and Herzegovina",2020,-1.05,,
"Bosnia and Herzegovina",2021,2,,
"Bosnia and Herzegovina",2022,14.01,,
"Botswana",2010,6.95,,
"Botswana",2011,8.47,,
"Botswana",2012,7.54,,
"Botswana",2013,5.88,,
"Botswana",2014,4.41,,
"Botswana",2015,3.05,,
"Botswana",2016,2.81,,
"Botswana",2017,3.3,,
"Botswana",2018,3.24,,
"Botswana",2019,2.74,,
"Botswana",2020,1.89,,
"Botswana",2021,6.68,,
"Botswana",2022,12.2,,
"Brazil",2010,5.04,,
"Brazil",2011,6.64,,
"Brazil",2012,5.4,,
"Brazil",2013,6.2,,
"Brazil",2014,6.33,,
"Brazil",2015,9.03,,
"Brazil",2016,8.74,,
"Brazil",2017,3.45,,
"Brazil",2018,3.66,,
"Brazil",2019,3.73,,
"Brazil",2020,3.21,,
"Brazil",2021,8.3,,
"Brazil",2022,9.28,,
"British Virgin Islands",2010,2.37,,
"British Virgin Islands",2011,2.53,,
"British Virgin Islands",2012,3.2,,
"British Virgin Islands",2013,1.54,,
"British Virgin Islands",2014,1.9,,
"British Virgin Islands",2015,0.9,,
"British Virgin Islands",2016,1.05,,
"British Virgin Islands",2017,1.19,,
"British Virgin Islands",2018,2.1,,
"British Virgin Islands",2019,1.68,,
"British Virgin Islands",2020,1.42,,
"British Virgin Islands",2021,2.8,,
"British Virgin Islands",2022,8.48,,
"Brunei Darussalam",2010,0.36,,
"Brunei Darussalam",2011,0.14,,
"Brunei Darussalam",2012,0.11,,
"Brunei Darussalam",2013,0.39,,
"Brunei Darussalam",2014,-0.21,,
"Brunei Darussalam",2015,-0.49,,
"Brunei Darussalam",2016,-0.28,,
"Brunei Darussalam",2017,-1.26,,
"Brunei Darussalam",2018,1.03,,
"Brunei Darussalam",2019,-0.39,,
"Brunei Darussalam",2020,1.94,,
"Brunei Darussalam",2021,1.73,,
"Brunei Darussalam",2022,3.68,,
"Bulgaria",2010,3.04,,
"Bulgaria",2011,3.39,,
"Bulgaria",2012,2.39,,
"Bulgaria",2013,0.39,,
"Bulgaria",2014,-1.6,,
"Bulgaria",2015,-1.07,,
"Bulgaria",2016,-1.32,,
"Bulgaria",2017,1.19,,
"Bulgaria",2018,2.63,,
"Bulgaria",2019,2.46,,
"Bulgaria",2020,1.22,,
"Bulgaria",2021,2.84,,
"Bulgaria",2022,13.02,,
"Burkina Faso",2010,-0.61,,
"Burkina Faso",2011,2.77,,
"Burkina Faso",2012,3.82,,
"Burkina Faso",2013,0.53,,
"Burkina Faso",2014,-0.26,,
"Burkina Faso",2015,1.65,,
"Burkina Faso",2016,0.44,,
"Burkina Faso",2017,1.48,,
"Burkina Faso",2018,1.96,,
"Burkina Faso",2019,-3.23,,
"Burkina Faso",2020,1.88,,
"Burkina Faso",2021,3.91,,
"Burkina Faso",2022,14.07,,
"Burundi",2010,6.5,,
"Burundi",2011,9.58,,
"Burundi",2012,18.18,,
"Burundi",2013,7.94,,
"Burundi",2014,4.42,,
"Burundi",2015,5.55,,
"Burundi",2016,5.53,,
"Burundi",2017,16.6,,
"Burundi",2018,-2.77,,
"Burundi",2019,-0.71,,
"Burundi",2020,7.31,,
"Burundi",2021,8.31,,
"Burundi",2022,18.9,,
"Cabo Verde",2010,2.07,,
"Cabo Verde",2011,4.47,,
"Cabo Verde",2012,2.54,,
"Cabo Verde",2013,1.51,,
"Cabo Verde",2014,-0.24,,
"Cabo Verde",2015,0.14,,
"Cabo Verde",2016,-1.44,,
"Cabo Verde",2017,0.78,,
"Cabo Verde",2018,1.28,,
"Cabo Verde",2019,1.11,,
"Cabo Verde",2020,0.61,,
"Cabo Verde",2021,1.86,,
"Cabo Verde",2022,7.93,,
"Cambodia",2010,4,,
"Cambodia",2011,5.48,,
"Cambodia",2012,2.93,,
"Cambodia",2013,2.94,,
"Cambodia",2014,3.85,,
"Cambodia",2015,1.21,,
"Cambodia",2016,3.03,,
"Cambodia",2017,2.91,,
"Cambodia",2018,2.46,,
"Cambodia",2019,1.94,,
"Cambodia",2020,2.94,,
"Cambodia",2021,2.92,,
"Cambodia",2022,5.33,,
"Cameroon",2010,1.28,,
"Cameroon",2011,2.96,,
"Cameroon",2012,2.38,,
"Cameroon",2013,2.05,,
"Cameroon",2014,1.86,,
"Cameroon",2015,2.68,,
"Cameroon",2016,0.87,,
"Cameroon",2017,0.64,,
"Cameroon",2018,1.06,,
"Cameroon",2019,2.46,,
"Cameroon",2020,2.45,,
"Cameroon",2021,2.26,,
"Cameroon",2022,5.3,,
"Canada",2010,1.78,,
"Canada",2011,2.91,,
"Canada",2012,1.52,,
"Canada",2013,0.94,,
"Canada",2014,1.91,,
"Canada",2015,1.13,,
"Canada",2016,1.43,,
"Canada",2017,1.6,,
"Canada",2018,2.27,,
"Canada",2019,1.95,,
"Canada",2020,0.72,,
"Canada",2021,3.4,,
"Canada",2022,6.8,,
"Cayman Islands",2010,0.25,,
"Cayman Islands",2011,1.39,,
"Cayman Islands",2012,1.18,,
"Cayman Islands",2013,2.18,,
"Cayman Islands",2014,1.24,,
"Cayman Islands",2015,-2.32,,
"Cayman Islands",2016,-0.68,,
"Cayman Islands",2017,1.99,,
"Cayman Islands",2018,3.34,,
"Cayman Islands",2019,5.65,,
"Cayman Islands",2020,0.98,,
"Cayman Islands",2021,3.33,,
"Cayman Islands",2022,10.01,,
"Central African Republic",2010,1.49,,
"Central African Republic",2011,1.19,,
"Central African Republic",2012,5.89,,
"Central African Republic",2013,3.97,,
"Central African Republic",2014,17.78,,
"Central African Republic",2015,1.4,,
"Central African Republic",2016,4.95,,
"Central African Republic",2017,4.18,,
"Central African Republic",2018,1.61,,
"Central African Republic",2019,2.75,,
"Central African Republic",2020,0.88,,
"Central African Republic",2021,4.26,,
"Central African Republic",2022,5.83,,
"Chad",2010,-2.11,,
"Chad",2011,2.03,,
"Chad",2012,7.52,,
"Chad",2013,0.22,,
"Chad",2014,1.68,,
"Chad",2015,4.83,,
"Chad",2016,-1.63,,
"Chad",2017,-0.9,,
"Chad",2018,4.04,,
"Chad",2019,-0.97,,
"Chad",2020,4.46,,
"Chad",2021,-0.77,,
"Chad",2022,5.29,,
"Chile",2010,1.41,,
"Chile",2011,3.34,,
"Chile",2012,3,,
"Chile",2013,1.79,,
"Chile",2014,4.71,,
"Chile",2015,4.35,,
"Chile",2016,3.79,,
"Chile",2017,2.18,,
"Chile",2018,2.32,,
"Chile",2019,2.25,,
"Chile",2020,3.04,,
"Chile",2021,4.52,,
"Chile",2022,11.65,,
"China",2010,3.18,,
"China",2011,5.53,,
"China",2012,2.61,,
"China",2013,2.57,,
"China",2014,2.05,,
"China",2015,1.54,,
"China",2016,2.12,,
"China",2017,1.52,,
"China",2018,1.93,,
"China",2019,2.9,,
"China",2020,2.49,,
"China",2021,0.85,,
"China",2022,1.88,,
"China, Hong Kong SAR",2010,2.29,,
"China, Hong Kong SAR",2011,5.31,,
"China, Hong Kong SAR",2012,4.05,,
"China, Hong Kong SAR",2013,4.34,,
"China, Hong Kong SAR",2014,4.42,,
"China, Hong Kong SAR",2015,2.99,,
"China, Hong Kong SAR",2016,2.41,,
"China, Hong Kong SAR",2017,1.49,,
"China, Hong Kong SAR",2018,2.41,,
"China, Hong Kong SAR",2019,2.88,,
"China, Hong Kong SAR",2020,0.25,,
"China, Hong Kong SAR",2021,1.57,,
"China, Hong Kong SAR",2022,1.88,,
"China, Macao SAR",2010,2.81,,
"China, Macao SAR",2011,5.81,,
"China, Macao SAR",2012,6.11,,
"China, Macao SAR",2013,5.5,,
"China, Macao SAR",2014,6.05,,
"China, Macao SAR",2015,4.56,,
"China, Macao SAR",2016,2.37,,
"China, Macao SAR",2017,1.23,,
"China, Macao SAR",2018,3,,
"China, Macao SAR",2019,2.75,,
"China, Macao SAR",2020,0.81,,
"China, Macao SAR",2021,0.03,,
"China, Macao SAR",2022,1.04,,
"China, Taiwan Province of",2010,0.97,,
"China, Taiwan Province of",2011,1.42,,
"China, Taiwan Province of",2012,1.93,,
"China, Taiwan Province of",2013,0.79,,
"China, Taiwan Province of",2014,1.19,,
"China, Taiwan Province of",2015,-0.3,,
"China, Taiwan Province of",2016,1.39,,
"China, Taiwan Province of",2017,0.62,,
"China, Taiwan Province of",2018,1.35,,
"China, Taiwan Province of",2019,0.56,,
"China, Taiwan Province of",2020,-0.24,,
"China, Taiwan Province of",2021,1.97,,
"China, Taiwan Province of",2022,2.95,,
"Colombia",2010,2.27,,
"Colombia",2011,3.42,,
"Colombia",2012,3.18,,
"Colombia",2013,2.02,,
"Colombia",2014,2.91,,
"Colombia",2015,4.99,,
"Colombia",2016,7.51,,
"Colombia",2017,4.31,,
"Colombia",2018,3.24,,
"Colombia",2019,3.52,,
"Colombia",2020,2.52,,
"Colombia",2021,3.5,,
"Colombia",2022,10.18,,
"Comoros",2010,3.9,,
"Comoros",2011,2.23,,
"Comoros",2012,5.91,,
"Comoros",2013,0.42,,
"Comoros",2014,-0.01,,
"Comoros",2015,0.94,,
"Comoros",2016,0.8,,
"Comoros",2017,0.09,,
"Comoros",2018,1.7,,
"Comoros",2019,3.7,,
"Comoros",2020,0.8,,
"Comoros",2021,-0.01,,
"Comoros",2022,12,,
"Congo",2010,0.39,,
"Congo",2011,1.76,,
"Congo",2012,5.01,,
"Congo",2013,4.63,,
"Congo",2014,0.91,,
"Congo",2015,3.17,,
"Congo",2016,3.19,,
"Congo",2017,0.45,,
"Congo",2018,1.15,,
"Congo",2019,0.4,,
"Congo",2020,1.37,,
"Congo",2021,1.97,,
"Congo",2022,3.5,,
"Congo, Dem. Rep. of the",2010,23.46,,
"Congo, Dem. Rep. of the",2011,14.95,,
"Congo, Dem. Rep. of the",2012,0.86,,
"Congo, Dem. Rep. of the",2013,0.88,,
"Congo, Dem. Rep. of the",2014,1.24,,
"Congo, Dem. Rep. of the",2015,0.74,,
"Congo, Dem. Rep. of the",2016,3.19,,
"Congo, Dem. Rep. of the",2017,35.73,,
"Congo, Dem. Rep. of the",2018,29.27,,
"Congo, Dem. Rep. of the",2019,4.7,,
"Congo, Dem. Rep. of the",2020,11.36,,
"Congo, Dem. Rep. of the",2021,8.99,,
"Congo, Dem. Rep. of the",2022,9,,
"Cook Islands",2010,1.45,,
"Cook Islands",2011,2.48,,
"Cook Islands",2012,2.05,,
"Cook Islands",2013,2.04,,
"Cook Islands",2014,0.93,,
"Cook Islands",2015,1.07,,
"Cook Islands",2016,-0.35,,
"Cook Islands",2017,-0.3,,
"Cook Islands",2018,0.08,,
"Cook Islands",2019,0.39,,
"Cook Islands",2020,1.02,,
"Cook Islands",2021,1.94,,
"Cook Islands",2022,10.58,,
"Costa Rica",2010,5.66,,
"Costa Rica",2011,4.88,,
"Costa Rica",2012,4.49,,
"Costa Rica",2013,5.23,,
"Costa Rica",2014,4.52,,
"Costa Rica",2015,0.8,,
"Costa Rica",2016,-0.02,,
"Costa Rica",2017,1.63,,
"Costa Rica",2018,2.22,,
"Costa Rica",2019,2.1,,
"Costa Rica",2020,0.72,,
"Costa Rica",2021,1.73,,
"Costa Rica",2022,8.27,,
"Cote d'Ivoire",2010,1.75,,
"Cote d'Ivoire",2011,4.9,,
"Cote d'Ivoire",2012,1.3,,
"Cote d'Ivoire",2013,2.58,,
"Cote d'Ivoire",2014,0.49,,
"Cote d'Ivoire",2015,1.15,,
"Cote d'Ivoire",2016,0.65,,
"Cote d'Ivoire",2017,0.55,,
"Cote d'Ivoire",2018,0.62,,
"Cote d'Ivoire",2019,0.81,,
"Cote d'Ivoire",2020,2.42,,
"Cote d'Ivoire",2021,4.16,,
"Cote d'Ivoire",2022,5.21,,
"Croatia",2010,1.08,,
"Croatia",2011,2.21,,
"Croatia",2012,3.35,,
"Croatia",2013,2.33,,
"Croatia",2014,0.22,,
"Croatia",2015,-0.26,,
"Croatia",2016,-0.63,,
"Croatia",2017,1.3,,
"Croatia",2018,1.56,,
"Croatia",2019,0.79,,
"Croatia",2020,-0.03,,
"Croatia",2021,2.72,,
"Croatia",2022,10.67,,
"Cuba",2010,2.09,,
"Cuba",2011,4.81,,
"Cuba",2012,5.53,,
"Cuba",2013,5.94,,
"Cuba",2014,5.31,,
"Cuba",2015,4.64,,
"Cuba",2016,4.54,,
"Cuba",2017,5.45,,
"Cuba",2018,6.9,,
"Cuba",2019,5.62,,
"Cuba",2020,11.92,,
"Cuba",2021,151.94,,
"Cuba",2022,76.11,,
"Curacao",2010,,,"Not applicable"
"Curacao",2011,,,"Not available or not separately reported"
"Curacao",2012,3.22,,
"Curacao",2013,1.3,,
"Curacao",2014,1.5,,
"Curacao",2015,-0.45,,
"Curacao",2016,-0.04,,
"Curacao",2017,1.57,,
"Curacao",2018,2.58,,
"Curacao",2019,2.53,,
"Curacao",2020,2.27,,
"Curacao",2021,3.76,,
"Curacao",2022,7.44,,
"Cyprus",2010,2.56,,
"Cyprus",2011,3.48,,
"Cyprus",2012,3.09,,
"Cyprus",2013,0.38,,
"Cyprus",2014,-0.27,,
"Cyprus",2015,-1.54,,
"Cyprus",2016,-1.22,,
"Cyprus",2017,0.68,,
"Cyprus",2018,0.78,,
"Cyprus",2019,0.55,,
"Cyprus",2020,-1.1,,
"Cyprus",2021,2.25,,
"Cyprus",2022,8.08,,
"Czechia",2010,1.47,,
"Czechia",2011,1.92,,
"Czechia",2012,3.29,,
"Czechia",2013,1.44,,
"Czechia",2014,0.34,,
"Czechia",2015,0.31,,
"Czechia",2016,0.68,,
"Czechia",2017,2.45,,
"Czechia",2018,2.15,,
"Czechia",2019,2.85,,
"Czechia",2020,3.16,,
"Czechia",2021,3.84,,
"Czechia",2022,15.1,,
"Denmark",2010,2.2,,
"Denmark",2011,2.66,,
"Denmark",2012,2.35,,
"Denmark",2013,0.52,,
"Denmark",2014,0.35,,
"Denmark",2015,0.23,,
"Denmark",2016,0.02,,
"Denmark",2017,1.06,,
"Denmark",2018,0.71,,
"Denmark",2019,0.73,,
"Denmark",2020,0.33,,
"Denmark",2021,1.94,,
"Denmark",2022,8.53,,
"Djibouti",2010,2.48,,
"Djibouti",2011,5.24,,
"Djibouti",2012,4.22,,
"Djibouti",2013,1.06,,
"Djibouti",2014,1.34,,
"Djibouti",2015,-0.85,,
"Djibouti",2016,2.74,,
"Djibouti",2017,0.57,,
"Djibouti",2018,0.15,,
"Djibouti",2019,3.31,,
"Djibouti",2020,1.79,,
"Djibouti",2021,1.18,,
"Djibouti",2022,5.46,,
"Dominica",2010,2.81,,
"Dominica",2011,1.06,,
"Dominica",2012,1.36,,
"Dominica",2013,-0.05,,
"Dominica",2014,0.81,,
"Dominica",2015,-0.85,,
"Dominica",2016,0.14,,
"Dominica",2017,0.3,,
"Dominica",2018,0.99,,
"Dominica",2019,1.51,,
"Dominica",2020,-0.73,,
"Dominica",2021,1.57,,
"Dominica",2022,7.47,,
"Dominican Republic",2010,6.33,,
"Dominican Republic",2011,8.46,,
"Dominican Republic",2012,3.69,,
"Dominican Republic",2013,4.83,,
"Dominican Republic",2014,3,,
"Dominican Republic",2015,0.84,,
"Dominican Republic",2016,1.61,,
"Dominican Republic",2017,3.28,,
"Dominican Republic",2018,3.56,,
"Dominican Republic",2019,1.81,,
"Dominican Republic",2020,3.78,,
"Dominican Republic",2021,8.24,,
"Dominican Republic",2022,8.81,,
"Ecuador",2010,3.55,,
"Ecuador",2011,4.47,,
"Ecuador",2012,5.1,,
"Ecuador",2013,2.72,,
"Ecuador",2014,3.59,,
"Ecuador",2015,3.97,,
"Ecuador",2016,1.73,,
"Ecuador",2017,0.42,,
"Ecuador",2018,-0.22,,
"Ecuador",2019,0.27,,
"Ecuador",2020,-0.34,,
"Ecuador",2021,0.13,,
"Ecuador",2022,3.47,,
"Egypt",2010,11.66,,
"Egypt",2011,11.05,,
"Egypt",2012,8.69,,
"Egypt",2013,6.92,,
"Egypt",2014,10.09,,
"Egypt",2015,10.99,,
"Egypt",2016,10.21,,
"Egypt",2017,23.53,,
"Egypt",2018,20.85,,
"Egypt",2019,13.88,,
"Egypt",2020,5.7,,
"Egypt",2021,4.5,,
"Egypt",2022,8.5,,
"El Salvador",2010,1.18,,
"El Salvador",2011,5.13,,
"El Salvador",2012,1.73,,
"El Salvador",2013,0.76,,
"El Salvador",2014,1.14,,
"El Salvador",2015,-0.73,,
"El Salvador",2016,0.6,,
"El Salvador",2017,1.01,,
"El Salvador",2018,1.09,,
"El Salvador",2019,0.07,,
"El Salvador",2020,-0.37,,
"El Salvador",2021,3.47,,
"El Salvador",2022,7.2,,
"Equatorial Guinea",2010,5.32,,
"Equatorial Guinea",2011,4.8,,
"Equatorial Guinea",2012,3.44,,
"Equatorial Guinea",2013,3.18,,
"Equatorial Guinea",2014,4.3,,
"Equatorial Guinea",2015,1.69,,
"Equatorial Guinea",2016,1.4,,
"Equatorial Guinea",2017,0.75,,
"Equatorial Guinea",2018,1.35,,
"Equatorial Guinea",2019,1.21,,
"Equatorial Guinea",2020,4.8,,
"Equatorial Guinea",2021,-0.09,,
"Equatorial Guinea",2022,5.02,,
"Eritrea",2010,10.3,,
"Eritrea",2011,5.89,,
"Eritrea",2012,6.04,,
"Eritrea",2013,6.27,,
"Eritrea",2014,8.36,,
"Eritrea",2015,28.48,,
"Eritrea",2016,-5.58,,
"Eritrea",2017,-13.31,,
"Eritrea",2018,-14.4,,
"Eritrea",2019,1.3,,
"Eritrea",2020,5.64,,
"Eritrea",2021,6.64,,
"Eritrea",2022,7.35,,
"Estonia",2010,2.74,,
"Estonia",2011,5.08,,
"Estonia",2012,4.22,,
"Estonia",2013,3.25,,
"Estonia",2014,0.48,,
"Estonia",2015,0.07,,
"Estonia",2016,0.8,,
"Estonia",2017,3.65,,
"Estonia",2018,3.41,,
"Estonia",2019,2.27,,
"Estonia",2020,-0.63,,
"Estonia",2021,4.49,,
"Estonia",2022,19.45,,
"Eswatini",2010,4.51,,
"Eswatini",2011,6.11,,
"Eswatini",2012,8.94,,
"Eswatini",2013,5.62,,
"Eswatini",2014,5.68,,
"Eswatini",2015,4.95,,
"Eswatini",2016,7.85,,
"Eswatini",2017,6.22,,
"Eswatini",2018,4.82,,
"Eswatini",2019,2.6,,
"Eswatini",2020,3.87,,
"Eswatini",2021,3.72,,
"Eswatini",2022,4.8,,
"Ethiopia",2010,8.13,,
"Ethiopia",2011,33.23,,
"Ethiopia",2012,24.13,,
"Ethiopia",2013,8.07,,
"Ethiopia",2014,7.4,,
"Ethiopia",2015,9.57,,
"Ethiopia",2016,6.63,,
"Ethiopia",2017,10.69,,
"Ethiopia",2018,13.83,,
"Ethiopia",2019,15.81,,
"Ethiopia",2020,20.35,,
"Ethiopia",2021,26.79,,
"Ethiopia",2022,33.94,,
"Ethiopia (...1991)",2010,,,"Not applicable"
"Ethiopia (...1991)",2011,,,"Not applicable"
"Ethiopia (...1991)",2012,,,"Not applicable"
"Ethiopia (...1991)",2013,,,"Not applicable"
"Ethiopia (...1991)",2014,,,"Not applicable"
"Ethiopia (...1991)",2015,,,"Not applicable"
"Ethiopia (...1991)",2016,,,"Not applicable"
"Ethiopia (...1991)",2017,,,"Not applicable"
"Ethiopia (...1991)",2018,,,"Not applicable"
"Ethiopia (...1991)",2019,,,"Not applicable"
"Ethiopia (...1991)",2020,,,"Not applicable"
"Ethiopia (...1991)",2021,,,"Not applicable"
"Ethiopia (...1991)",2022,,,"Not applicable"
"Fiji",2010,3.69,,
"Fiji",2011,7.28,,
"Fiji",2012,3.42,,
"Fiji",2013,2.91,,
"Fiji",2014,0.52,,
"Fiji",2015,1.37,,
"Fiji",2016,3.86,,
"Fiji",2017,3.35,,
"Fiji",2018,4.08,,
"Fiji",2019,1.77,,
"Fiji",2020,-2.6,,
"Fiji",2021,0.16,,
"Fiji",2022,4.52,,
"Finland",2010,1.69,,
"Finland",2011,3.32,,
"Finland",2012,3.16,,
"Finland",2013,2.22,,
"Finland",2014,1.21,,
"Finland",2015,-0.16,,
"Finland",2016,0.39,,
"Finland",2017,0.84,,
"Finland",2018,1.17,,
"Finland",2019,1.14,,
"Finland",2020,0.38,,
"Finland",2021,2.07,,
"Finland",2022,7.17,,
"France",2010,1.74,"Estimated",
"France",2011,2.29,"Estimated",
"France",2012,2.22,"Estimated",
"France",2013,0.99,"Estimated",
"France",2014,0.61,"Estimated",
"France",2015,0.09,"Estimated",
"France",2016,0.31,"Estimated",
"France",2017,1.17,"Estimated",
"France",2018,2.1,"Estimated",
"France",2019,1.3,"Estimated",
"France",2020,0.53,"Estimated",
"France",2021,2.07,"Estimated",
"France",2022,5.9,"Estimated",
"France, metropolitan",2010,1.74,,
"France, metropolitan",2011,2.29,,
"France, metropolitan",2012,2.22,,
"France, metropolitan",2013,0.99,,
"France, metropolitan",2014,0.61,,
"France, metropolitan",2015,0.09,,
"France, metropolitan",2016,0.31,,
"France, metropolitan",2017,1.17,,
"France, metropolitan",2018,2.1,,
"France, metropolitan",2019,1.3,,
"France, metropolitan",2020,0.53,,
"France, metropolitan",2021,2.07,,
"France, metropolitan",2022,5.9,,
"Monaco",2010,1.74,"Estimated",
"Monaco",2011,2.29,"Estimated",
"Monaco",2012,2.22,"Estimated",
"Monaco",2013,0.99,"Estimated",
"Monaco",2014,0.61,"Estimated",
"Monaco",2015,0.09,"Estimated",
"Monaco",2016,0.31,"Estimated",
"Monaco",2017,1.17,"Estimated",
"Monaco",2018,2.1,"Estimated",
"Monaco",2019,1.3,"Estimated",
"Monaco",2020,0.53,"Estimated",
"Monaco",2021,2.07,"Estimated",
"Monaco",2022,5.9,"Estimated",
"French Polynesia",2010,1.31,,
"French Polynesia",2011,1.87,,
"French Polynesia",2012,1.16,,
"French Polynesia",2013,1.45,,
"French Polynesia",2014,0.27,,
"French Polynesia",2015,-0.35,,
"French Polynesia",2016,-0.5,,
"French Polynesia",2017,0.45,,
"French Polynesia",2018,-0.66,,
"French Polynesia",2019,0.3,,
"French Polynesia",2020,-0.11,,
"French Polynesia",2021,0.46,,
"French Polynesia",2022,6.41,,
"Gabon",2010,1.45,,
"Gabon",2011,1.26,,
"Gabon",2012,2.68,,
"Gabon",2013,0.48,,
"Gabon",2014,4.51,,
"Gabon",2015,-0.14,,
"Gabon",2016,2.09,,
"Gabon",2017,2.65,,
"Gabon",2018,4.78,,
"Gabon",2019,2.02,,
"Gabon",2020,1.7,,
"Gabon",2021,1.08,,
"Gabon",2022,4.25,,
"Gambia",2010,5.05,,
"Gambia",2011,4.8,,
"Gambia",2012,4.65,,
"Gambia",2013,5.24,,
"Gambia",2014,6.26,,
"Gambia",2015,6.81,,
"Gambia",2016,7.22,,
"Gambia",2017,8.05,,
"Gambia",2018,6.52,,
"Gambia",2019,7.12,,
"Gambia",2020,5.93,,
"Gambia",2021,7.37,,
"Gambia",2022,11.51,,
"Georgia",2010,7.11,,
"Georgia",2011,8.54,,
"Georgia",2012,-0.94,,
"Georgia",2013,-0.51,,
"Georgia",2014,3.07,,
"Georgia",2015,4,,
"Georgia",2016,2.13,,
"Georgia",2017,6.04,,
"Georgia",2018,2.62,,
"Georgia",2019,4.85,,
"Georgia",2020,5.2,,
"Georgia",2021,9.57,,
"Georgia",2022,11.9,,
"Germany",2010,1.12,,
"Germany",2011,2.48,,
"Germany",2012,2.16,,
"Germany",2013,1.61,,
"Germany",2014,0.77,,
"Germany",2015,0.68,,
"Germany",2016,0.37,,
"Germany",2017,1.7,,
"Germany",2018,1.94,,
"Germany",2019,1.35,,
"Germany",2020,0.37,,
"Germany",2021,3.21,,
"Germany",2022,8.67,,
"Ghana",2010,6.7,,
"Ghana",2011,7.68,,
"Ghana",2012,7.07,,
"Ghana",2013,11.67,,
"Ghana",2014,15.49,,
"Ghana",2015,17.15,,
"Ghana",2016,17.45,,
"Ghana",2017,12.37,,
"Ghana",2018,9.84,,
"Ghana",2019,7.14,,
"Ghana",2020,9.88,,
"Ghana",2021,9.98,,
"Ghana",2022,31.89,,
"Greece",2010,4.7,,
"Greece",2011,3.12,,
"Greece",2012,1.03,,
"Greece",2013,-0.85,,
"Greece",2014,-1.39,,
"Greece",2015,-1.09,,
"Greece",2016,0.01,,
"Greece",2017,1.14,,
"Greece",2018,0.77,,
"Greece",2019,0.52,,
"Greece",2020,-1.26,,
"Greece",2021,0.57,,
"Greece",2022,9.3,,
"Greenland",2010,1.88,,
"Greenland",2011,1.94,,
"Greenland",2012,4.6,,
"Greenland",2013,1.24,,
"Greenland",2014,1.36,,
"Greenland",2015,1.47,,
"Greenland",2016,1.07,,
"Greenland",2017,0.84,,
"Greenland",2018,0,,
"Greenland",2019,0.96,,
"Greenland",2020,2.07,,
"Greenland",2021,0.04,,
"Greenland",2022,1.22,,
"Grenada",2010,3.44,,
"Grenada",2011,3.03,,
"Grenada",2012,2.41,,
"Grenada",2013,-0.04,,
"Grenada",2014,-0.98,,
"Grenada",2015,-0.58,,
"Grenada",2016,1.72,,
"Grenada",2017,0.91,,
"Grenada",2018,0.81,,
"Grenada",2019,0.6,,
"Grenada",2020,-0.74,,
"Grenada",2021,1.22,,
"Grenada",2022,2.65,,
"Guatemala",2010,3.86,,
"Guatemala",2011,6.22,,
"Guatemala",2012,3.78,,
"Guatemala",2013,4.34,,
"Guatemala",2014,3.42,,
"Guatemala",2015,2.39,,
"Guatemala",2016,4.45,,
"Guatemala",2017,4.43,,
"Guatemala",2018,3.75,,
"Guatemala",2019,3.7,,
"Guatemala",2020,3.21,,
"Guatemala",2021,4.26,,
"Guatemala",2022,6.89,,
"Guinea",2010,15.47,,
"Guinea",2011,21.35,,
"Guinea",2012,15.23,,
"Guinea",2013,11.89,,
"Guinea",2014,9.71,,
"Guinea",2015,8.15,,
"Guinea",2016,8.17,,
"Guinea",2017,8.91,,
"Guinea",2018,9.83,,
"Guinea",2019,9.47,,
"Guinea",2020,10.6,,
"Guinea",2021,12.6,,
"Guinea",2022,10.49,,
"Guinea-Bissau",2010,1.07,,
"Guinea-Bissau",2011,5.05,,
"Guinea-Bissau",2012,2.06,,
"Guinea-Bissau",2013,0.78,,
"Guinea-Bissau",2014,-1.03,,
"Guinea-Bissau",2015,1.48,,
"Guinea-Bissau",2016,2.71,,
"Guinea-Bissau",2017,-0.19,,
"Guinea-Bissau",2018,0.38,,
"Guinea-Bissau",2019,0.29,,
"Guinea-Bissau",2020,1.46,,
"Guinea-Bissau",2021,3.27,,
"Guinea-Bissau",2022,7.92,,
"Guyana",2010,4.3,,
"Guyana",2011,4.41,,
"Guyana",2012,2.39,,
"Guyana",2013,1.91,,
"Guyana",2014,0.68,,
"Guyana",2015,-0.87,,
"Guyana",2016,0.83,,
"Guyana",2017,1.94,,
"Guyana",2018,1.27,,
"Guyana",2019,2.09,,
"Guyana",2020,1.23,,
"Guyana",2021,3.32,,
"Guyana",2022,6.47,,
"Haiti",2010,2.92,,
"Haiti",2011,5.24,,
"Haiti",2012,5.7,,
"Haiti",2013,5.3,,
"Haiti",2014,3.16,,
"Haiti",2015,5.32,,
"Haiti",2016,11.44,,
"Haiti",2017,10.61,,
"Haiti",2018,11.42,,
"Haiti",2019,17.31,,
"Haiti",2020,22.95,,
"Haiti",2021,15.94,,
"Haiti",2022,27.58,,
"Honduras",2010,4.7,,
"Honduras",2011,6.76,,
"Honduras",2012,5.22,,
"Honduras",2013,5.19,,
"Honduras",2014,6.08,,
"Honduras",2015,3.16,,
"Honduras",2016,2.72,,
"Honduras",2017,3.93,,
"Honduras",2018,4.35,,
"Honduras",2019,4.36,,
"Honduras",2020,3.47,,
"Honduras",2021,4.48,,
"Honduras",2022,9.09,,
"Hungary",2010,4.87,,
"Hungary",2011,3.92,,
"Hungary",2012,5.67,,
"Hungary",2013,1.72,,
"Hungary",2014,-0.22,,
"Hungary",2015,-0.07,,
"Hungary",2016,0.42,,
"Hungary",2017,2.41,,
"Hungary",2018,2.85,,
"Hungary",2019,3.37,,
"Hungary",2020,3.32,,
"Hungary",2021,5.13,,
"Hungary",2022,14.53,,
"Iceland",2010,5.39,,
"Iceland",2011,3.99,,
"Iceland",2012,5.2,,
"Iceland",2013,3.88,,
"Iceland",2014,2.03,,
"Iceland",2015,1.63,,
"Iceland",2016,1.69,,
"Iceland",2017,1.77,,
"Iceland",2018,2.68,,
"Iceland",2019,3.01,,
"Iceland",2020,2.85,,
"Iceland",2021,4.46,,
"Iceland",2022,8.31,,
"India",2010,10.53,,
"India",2011,9.5,,
"India",2012,10,,
"India",2013,9.4,,
"India",2014,5.8,,
"India",2015,4.9,,
"India",2016,4.5,,
"India",2017,3.6,,
"India",2018,3.43,,
"India",2019,4.76,,
"India",2020,6.17,,
"India",2021,5.51,,
"India",2022,6.67,,
"Indonesia",2010,5.14,,
"Indonesia",2011,5.34,,
"Indonesia",2012,3.98,,
"Indonesia",2013,6.41,,
"Indonesia",2014,6.4,,
"Indonesia",2015,6.36,,
"Indonesia",2016,3.53,,
"Indonesia",2017,3.81,,
"Indonesia",2018,3.29,,
"Indonesia",2019,2.82,,
"Indonesia",2020,2.03,,
"Indonesia",2021,1.56,,
"Indonesia",2022,4.21,,
"Indonesia (...2002)",2010,,,"Not applicable"
"Indonesia (...2002)",2011,,,"Not applicable"
"Indonesia (...2002)",2012,,,"Not applicable"
"Indonesia (...2002)",2013,,,"Not applicable"
"Indonesia (...2002)",2014,,,"Not applicable"
"Indonesia (...2002)",2015,,,"Not applicable"
"Indonesia (...2002)",2016,,,"Not applicable"
"Indonesia (...2002)",2017,,,"Not applicable"
"Indonesia (...2002)",2018,,,"Not applicable"
"Indonesia (...2002)",2019,,,"Not applicable"
"Indonesia (...2002)",2020,,,"Not applicable"
"Indonesia (...2002)",2021,,,"Not applicable"
"Indonesia (...2002)",2022,,,"Not applicable"
"Iran (Islamic Republic of)",2010,12.3,,
"Iran (Islamic Republic of)",2011,21.53,,
"Iran (Islamic Republic of)",2012,30.57,,
"Iran (Islamic Republic of)",2013,34.7,,
"Iran (Islamic Republic of)",2014,15.56,,
"Iran (Islamic Republic of)",2015,11.92,,
"Iran (Islamic Republic of)",2016,9.05,,
"Iran (Islamic Republic of)",2017,9.64,,
"Iran (Islamic Republic of)",2018,30.22,,
"Iran (Islamic Republic of)",2019,34.62,,
"Iran (Islamic Republic of)",2020,36.44,,
"Iran (Islamic Republic of)",2021,40.13,,
"Iran (Islamic Republic of)",2022,48.96,,
"Iraq",2010,2.43,,
"Iraq",2011,5.6,,
"Iraq",2012,6.09,,
"Iraq",2013,1.88,,
"Iraq",2014,2.24,,
"Iraq",2015,-2.3,,
"Iraq",2016,0.4,,
"Iraq",2017,0.2,,
"Iraq",2018,0.35,,
"Iraq",2019,-0.2,,
"Iraq",2020,0.57,,
"Iraq",2021,6.04,,
"Iraq",2022,5.34,,
"Ireland",2010,-1.64,,
"Ireland",2011,1.21,,
"Ireland",2012,1.89,,
"Ireland",2013,0.54,,
"Ireland",2014,0.3,,
"Ireland",2015,-0.05,,
"Ireland",2016,-0.18,,
"Ireland",2017,0.26,,
"Ireland",2018,0.71,,
"Ireland",2019,0.88,,
"Ireland",2020,-0.47,,
"Ireland",2021,2.44,,
"Ireland",2022,8.06,,
"Israel",2010,2.69,,
"Israel",2011,3.45,,
"Israel",2012,1.71,,
"Israel",2013,1.53,,
"Israel",2014,0.48,,
"Israel",2015,-0.63,,
"Israel",2016,-0.54,,
"Israel",2017,0.24,,
"Israel",2018,0.81,,
"Israel",2019,0.84,,
"Israel",2020,-0.59,,
"Israel",2021,1.49,,
"Israel",2022,4.39,,
"Italy",2010,1.62,,
"Italy",2011,2.94,,
"Italy",2012,3.31,,
"Italy",2013,1.24,,
"Italy",2014,0.23,,
"Italy",2015,0.11,,
"Italy",2016,-0.05,,
"Italy",2017,1.33,,
"Italy",2018,1.24,,
"Italy",2019,0.63,,
"Italy",2020,-0.15,,
"Italy",2021,1.94,,
"Italy",2022,8.74,,
"Jamaica",2010,12.62,,
"Jamaica",2011,7.52,,
"Jamaica",2012,6.89,,
"Jamaica",2013,9.36,,
"Jamaica",2014,8.28,,
"Jamaica",2015,3.68,,
"Jamaica",2016,2.35,,
"Jamaica",2017,4.38,,
"Jamaica",2018,3.74,,
"Jamaica",2019,3.91,,
"Jamaica",2020,5.21,,
"Jamaica",2021,5.88,,
"Jamaica",2022,9.5,,
"Japan",2010,-0.74,,
"Japan",2011,-0.28,,
"Japan",2012,-0.05,,
"Japan",2013,0.33,,
"Japan",2014,2.76,,
"Japan",2015,0.8,,
"Japan",2016,-0.12,,
"Japan",2017,0.49,,
"Japan",2018,0.99,,
"Japan",2019,0.47,,
"Japan",2020,-0.03,,
"Japan",2021,-0.23,,
"Japan",2022,2.5,,
"Jordan",2010,4.93,,
"Jordan",2011,4.18,,
"Jordan",2012,4.61,,
"Jordan",2013,4.9,,
"Jordan",2014,2.99,,
"Jordan",2015,-1.1,,
"Jordan",2016,-0.62,,
"Jordan",2017,3.61,,
"Jordan",2018,4.45,,
"Jordan",2019,0.68,,
"Jordan",2020,0.4,,
"Jordan",2021,1.32,,
"Jordan",2022,4.22,,
"Kazakhstan",2010,7.13,,
"Kazakhstan",2011,8.35,,
"Kazakhstan",2012,5.12,,
"Kazakhstan",2013,5.83,,
"Kazakhstan",2014,6.72,,
"Kazakhstan",2015,6.65,,
"Kazakhstan",2016,14.56,,
"Kazakhstan",2017,7.43,,
"Kazakhstan",2018,6.02,,
"Kazakhstan",2019,5.24,,
"Kazakhstan",2020,6.8,,
"Kazakhstan",2021,8,,
"Kazakhstan",2022,14.96,,
"Kenya",2010,4.08,,
"Kenya",2011,14.02,,
"Kenya",2012,9.38,,
"Kenya",2013,5.72,,
"Kenya",2014,6.88,,
"Kenya",2015,6.58,,
"Kenya",2016,6.32,,
"Kenya",2017,7.99,,
"Kenya",2018,4.69,,
"Kenya",2019,5.24,,
"Kenya",2020,5.29,,
"Kenya",2021,6.11,,
"Kenya",2022,7.65,,
"Kiribati",2010,-3.9,,
"Kiribati",2011,1.5,,
"Kiribati",2012,-3.05,,
"Kiribati",2013,-1.49,,
"Kiribati",2014,2.1,,
"Kiribati",2015,0.57,,
"Kiribati",2016,1.92,,
"Kiribati",2017,0.36,,
"Kiribati",2018,0.56,,
"Kiribati",2019,-1.81,,
"Kiribati",2020,2.55,,
"Kiribati",2021,2.05,,
"Kiribati",2022,5.34,,
"Korea, Republic of",2010,2.94,,
"Korea, Republic of",2011,4.03,,
"Korea, Republic of",2012,2.19,,
"Korea, Republic of",2013,1.3,,
"Korea, Republic of",2014,1.28,,
"Korea, Republic of",2015,0.71,,
"Korea, Republic of",2016,0.97,,
"Korea, Republic of",2017,1.94,,
"Korea, Republic of",2018,1.48,,
"Korea, Republic of",2019,0.38,,
"Korea, Republic of",2020,0.54,,
"Korea, Republic of",2021,2.5,,
"Korea, Republic of",2022,5.09,,
"Kuwait",2010,4.5,,
"Kuwait",2011,4.91,,
"Kuwait",2012,3.2,,
"Kuwait",2013,2.7,,
"Kuwait",2014,3.13,,
"Kuwait",2015,3.68,,
"Kuwait",2016,3.48,,
"Kuwait",2017,1.51,,
"Kuwait",2018,0.58,,
"Kuwait",2019,1.1,,
"Kuwait",2020,2.11,,
"Kuwait",2021,3.48,,
"Kuwait",2022,3.92,,
"Kyrgyzstan",2010,7.97,,
"Kyrgyzstan",2011,16.64,,
"Kyrgyzstan",2012,2.77,,
"Kyrgyzstan",2013,6.61,,
"Kyrgyzstan",2014,7.53,,
"Kyrgyzstan",2015,6.5,,
"Kyrgyzstan",2016,0.39,,
"Kyrgyzstan",2017,3.18,,
"Kyrgyzstan",2018,1.54,,
"Kyrgyzstan",2019,1.14,,
"Kyrgyzstan",2020,6.32,,
"Kyrgyzstan",2021,11.91,,
"Kyrgyzstan",2022,13.91,,
"Lao People's Dem. Rep.",2010,5.98,,
"Lao People's Dem. Rep.",2011,7.57,,
"Lao People's Dem. Rep.",2012,4.26,,
"Lao People's Dem. Rep.",2013,6.37,,
"Lao People's Dem. Rep.",2014,4.13,,
"Lao People's Dem. Rep.",2015,1.28,,
"Lao People's Dem. Rep.",2016,1.6,,
"Lao People's Dem. Rep.",2017,0.83,,
"Lao People's Dem. Rep.",2018,2.04,,
"Lao People's Dem. Rep.",2019,3.32,,
"Lao People's Dem. Rep.",2020,5.1,,
"Lao People's Dem. Rep.",2021,3.75,,
"Lao People's Dem. Rep.",2022,23,,
"Latvia",2010,-1.22,,
"Latvia",2011,4.22,,
"Latvia",2012,2.29,,
"Latvia",2013,0.01,,
"Latvia",2014,0.69,,
"Latvia",2015,0.21,,
"Latvia",2016,0.1,,
"Latvia",2017,2.89,,
"Latvia",2018,2.55,,
"Latvia",2019,2.75,,
"Latvia",2020,0.08,,
"Latvia",2021,3.24,,
"Latvia",2022,17.24,,
"Lebanon",2010,3.98,,
"Lebanon",2011,4.97,,
"Lebanon",2012,6.58,,
"Lebanon",2013,4.82,,
"Lebanon",2014,1.85,,
"Lebanon",2015,-3.75,,
"Lebanon",2016,-0.78,,
"Lebanon",2017,4.44,,
"Lebanon",2018,6.07,,
"Lebanon",2019,2.9,,
"Lebanon",2020,84.86,,
"Lebanon",2021,154.76,,
"Lebanon",2022,171.21,,
"Lesotho",2010,3.49,,
"Lesotho",2011,5.04,,
"Lesotho",2012,6.05,,
"Lesotho",2013,4.86,,
"Lesotho",2014,5.37,,
"Lesotho",2015,3.22,,
"Lesotho",2016,6.6,,
"Lesotho",2017,4.45,,
"Lesotho",2018,4.75,,
"Lesotho",2019,5.19,,
"Lesotho",2020,4.98,,
"Lesotho",2021,6.05,,
"Lesotho",2022,8.24,,
"Liberia",2010,7.29,,
"Liberia",2011,8.49,,
"Liberia",2012,6.83,,
"Liberia",2013,7.58,,
"Liberia",2014,9.86,,
"Liberia",2015,7.74,,
"Liberia",2016,8.84,,
"Liberia",2017,12.43,,
"Liberia",2018,23.55,,
"Liberia",2019,26.97,,
"Liberia",2020,16.95,,
"Liberia",2021,7.82,,
"Liberia",2022,7.59,,
"Libya",2010,2.46,,
"Libya",2011,15.9,,
"Libya",2012,6.07,,
"Libya",2013,2.59,,
"Libya",2014,2.43,,
"Libya",2015,10.01,,
"Libya",2016,25.87,,
"Libya",2017,25.86,,
"Libya",2018,13.97,,
"Libya",2019,-2.87,,
"Libya",2020,1.47,,
"Libya",2021,2.88,,
"Libya",2022,4.51,,
"Lithuania",2010,1.19,,
"Lithuania",2011,4.12,,
"Lithuania",2012,3.16,,
"Lithuania",2013,1.16,,
"Lithuania",2014,0.24,,
"Lithuania",2015,-0.68,,
"Lithuania",2016,0.68,,
"Lithuania",2017,3.72,,
"Lithuania",2018,2.53,,
"Lithuania",2019,2.24,,
"Lithuania",2020,1.06,,
"Lithuania",2021,4.63,,
"Lithuania",2022,18.86,,
"Luxembourg",2010,2.8,,
"Luxembourg",2011,3.73,,
"Luxembourg",2012,2.89,,
"Luxembourg",2013,1.7,,
"Luxembourg",2014,0.69,,
"Luxembourg",2015,0.06,,
"Luxembourg",2016,0.04,,
"Luxembourg",2017,2.11,,
"Luxembourg",2018,2.02,,
"Luxembourg",2019,1.65,,
"Luxembourg",2020,0.01,,
"Luxembourg",2021,3.47,,
"Luxembourg",2022,8.15,,
"Madagascar",2010,9.25,,
"Madagascar",2011,9.48,,
"Madagascar",2012,5.71,,
"Madagascar",2013,5.83,,
"Madagascar",2014,6.08,,
"Madagascar",2015,7.41,,
"Madagascar",2016,6.06,,
"Madagascar",2017,8.59,,
"Madagascar",2018,8.6,,
"Madagascar",2019,5.62,,
"Madagascar",2020,4.19,,
"Madagascar",2021,5.82,,
"Madagascar",2022,8.2,,
"Malawi",2010,7.41,,
"Malawi",2011,7.63,,
"Malawi",2012,21.29,,
"Malawi",2013,28.28,,
"Malawi",2014,23.77,,
"Malawi",2015,21.86,,
"Malawi",2016,21.73,,
"Malawi",2017,11.54,,
"Malawi",2018,9.22,,
"Malawi",2019,9.38,,
"Malawi",2020,8.64,,
"Malawi",2021,9.34,,
"Malawi",2022,20.84,,
"Malaysia",2010,1.72,,
"Malaysia",2011,3.17,,
"Malaysia",2012,1.66,,
"Malaysia",2013,2.11,,
"Malaysia",2014,3.14,,
"Malaysia",2015,2.1,,
"Malaysia",2016,2.08,,
"Malaysia",2017,3.8,,
"Malaysia",2018,0.97,,
"Malaysia",2019,0.66,,
"Malaysia",2020,-1.14,,
"Malaysia",2021,2.48,,
"Malaysia",2022,3.38,,
"Maldives",2010,6.15,,
"Maldives",2011,11.27,,
"Maldives",2012,10.89,,
"Maldives",2013,4,,
"Maldives",2014,2.45,,
"Maldives",2015,1.37,,
"Maldives",2016,0.8,,
"Maldives",2017,2.27,,
"Maldives",2018,1.37,,
"Maldives",2019,1.33,,
"Maldives",2020,-1.59,,
"Maldives",2021,0.21,,
"Maldives",2022,2.6,,
"Mali",2010,1.2,,
"Mali",2011,2.96,,
"Mali",2012,5.3,,
"Mali",2013,-0.58,,
"Mali",2014,0.89,,
"Mali",2015,1.43,,
"Mali",2016,-1.8,,
"Mali",2017,2.39,,
"Mali",2018,1.91,,
"Mali",2019,-3.03,,
"Mali",2020,0.48,,
"Mali",2021,3.81,,
"Mali",2022,10.08,,
"Malta",2010,2.04,,
"Malta",2011,2.51,,
"Malta",2012,3.23,,
"Malta",2013,0.98,,
"Malta",2014,0.77,,
"Malta",2015,1.18,,
"Malta",2016,0.9,,
"Malta",2017,1.26,,
"Malta",2018,1.74,,
"Malta",2019,1.52,,
"Malta",2020,0.79,,
"Malta",2021,0.71,,
"Malta",2022,6.13,,
"Marshall Islands",2010,1.77,,
"Marshall Islands",2011,5.35,,
"Marshall Islands",2012,4.34,,
"Marshall Islands",2013,1.85,,
"Marshall Islands",2014,1.1,,
"Marshall Islands",2015,-2.24,,
"Marshall Islands",2016,-1.51,,
"Marshall Islands",2017,0.06,,
"Marshall Islands",2018,0.76,,
"Marshall Islands",2019,-0.08,,
"Marshall Islands",2020,-0.66,,
"Marshall Islands",2021,2.6,,
"Marshall Islands",2022,6.16,,
"Mauritania",2010,6.31,,
"Mauritania",2011,5.69,,
"Mauritania",2012,4.9,,
"Mauritania",2013,4.13,,
"Mauritania",2014,3.54,,
"Mauritania",2015,3.24,,
"Mauritania",2016,1.49,,
"Mauritania",2017,2.28,,
"Mauritania",2018,3.05,,
"Mauritania",2019,2.3,,
"Mauritania",2020,2.39,,
"Mauritania",2021,3.57,,
"Mauritania",2022,9.52,,
"Mauritius",2010,2.92,,
"Mauritius",2011,6.53,,
"Mauritius",2012,3.86,,
"Mauritius",2013,3.53,,
"Mauritius",2014,3.22,,
"Mauritius",2015,1.27,,
"Mauritius",2016,1,,
"Mauritius",2017,3.67,,
"Mauritius",2018,3.23,,
"Mauritius",2019,0.45,,
"Mauritius",2020,2.52,,
"Mauritius",2021,4.04,,
"Mauritius",2022,10.79,,
"Mexico",2010,4.15,,
"Mexico",2011,3.4,,
"Mexico",2012,4.11,,
"Mexico",2013,3.8,,
"Mexico",2014,4.02,,
"Mexico",2015,2.72,,
"Mexico",2016,2.82,,
"Mexico",2017,6.04,,
"Mexico",2018,4.9,,
"Mexico",2019,3.63,,
"Mexico",2020,3.4,,
"Mexico",2021,5.69,,
"Mexico",2022,7.9,,
"Micronesia (Federated States of)",2010,3.62,,
"Micronesia (Federated States of)",2011,3.85,,
"Micronesia (Federated States of)",2012,6.3,,
"Micronesia (Federated States of)",2013,2.14,,
"Micronesia (Federated States of)",2014,0.72,,
"Micronesia (Federated States of)",2015,0.03,,
"Micronesia (Federated States of)",2016,-0.92,,
"Micronesia (Federated States of)",2017,0.1,,
"Micronesia (Federated States of)",2018,1.04,,
"Micronesia (Federated States of)",2019,2.21,,
"Micronesia (Federated States of)",2020,0.96,,
"Micronesia (Federated States of)",2021,1.77,,
"Micronesia (Federated States of)",2022,5.02,,
"Moldova, Republic of",2010,7.36,,
"Moldova, Republic of",2011,7.65,,
"Moldova, Republic of",2012,4.56,,
"Moldova, Republic of",2013,4.57,,
"Moldova, Republic of",2014,5.06,,
"Moldova, Republic of",2015,9.63,,
"Moldova, Republic of",2016,6.36,,
"Moldova, Republic of",2017,6.51,,
"Moldova, Republic of",2018,3.59,,
"Moldova, Republic of",2019,4.85,,
"Moldova, Republic of",2020,3.77,,
"Moldova, Republic of",2021,5.1,,
"Moldova, Republic of",2022,28.57,,
"Mongolia",2010,8.31,,
"Mongolia",2011,8.72,,
"Mongolia",2012,13.88,,
"Mongolia",2013,10.58,,
"Mongolia",2014,12.95,,
"Mongolia",2015,6.79,,
"Mongolia",2016,0.75,,
"Mongolia",2017,4.29,,
"Mongolia",2018,6.81,,
"Mongolia",2019,7.32,,
"Mongolia",2020,3.73,,
"Mongolia",2021,7.36,,
"Mongolia",2022,15.15,,
"Montenegro",2010,0.38,,
"Montenegro",2011,3.45,,
"Montenegro",2012,4.14,,
"Montenegro",2013,2.21,,
"Montenegro",2014,-0.71,,
"Montenegro",2015,1.55,,
"Montenegro",2016,-0.26,,
"Montenegro",2017,2.37,,
"Montenegro",2018,2.6,,
"Montenegro",2019,0.37,,
"Montenegro",2020,-0.24,,
"Montenegro",2021,2.4,,
"Montenegro",2022,13.05,,
"Montserrat",2010,2.09,,
"Montserrat",2011,3.67,,
"Montserrat",2012,4.77,,
"Montserrat",2013,0.87,,
"Montserrat",2014,-0.38,,
"Montserrat",2015,-1.15,,
"Montserrat",2016,-0.25,,
"Montserrat",2017,1.19,,
"Montserrat",2018,1.31,,
"Montserrat",2019,-1.07,,
"Montserrat",2020,-1.89,,
"Montserrat",2021,1.69,,
"Montserrat",2022,4.04,,
"Morocco",2010,0.94,,
"Morocco",2011,0.77,,
"Morocco",2012,0.84,,
"Morocco",2013,1.62,,
"Morocco",2014,0.4,,
"Morocco",2015,1.43,,
"Morocco",2016,1.53,,
"Morocco",2017,0.74,,
"Morocco",2018,1.57,,
"Morocco",2019,0.24,,
"Morocco",2020,0.62,,
"Morocco",2021,1.4,,
"Morocco",2022,6.65,,
"Mozambique",2010,12.43,,
"Mozambique",2011,11.16,,
"Mozambique",2012,2.6,,
"Mozambique",2013,4.26,,
"Mozambique",2014,2.56,,
"Mozambique",2015,3.55,,
"Mozambique",2016,17.42,,
"Mozambique",2017,15.11,,
"Mozambique",2018,3.91,,
"Mozambique",2019,2.78,,
"Mozambique",2020,3.14,,
"Mozambique",2021,5.69,,
"Mozambique",2022,9.77,,
"Myanmar",2010,7.72,,
"Myanmar",2011,5.02,,
"Myanmar",2012,1.47,,
"Myanmar",2013,5.64,,
"Myanmar",2014,4.95,,
"Myanmar",2015,9.45,,
"Myanmar",2016,6.93,,
"Myanmar",2017,4.57,,
"Myanmar",2018,6.87,,
"Myanmar",2019,8.82,,
"Myanmar",2020,3.79,,
"Myanmar",2021,6.24,,
"Myanmar",2022,18.68,,
"Namibia",2010,4.88,,
"Namibia",2011,5.01,,
"Namibia",2012,6.72,,
"Namibia",2013,5.61,,
"Namibia",2014,5.34,,
"Namibia",2015,3.4,,
"Namibia",2016,6.71,,
"Namibia",2017,6.16,,
"Namibia",2018,4.28,,
"Namibia",2019,3.73,,
"Namibia",2020,2.21,,
"Namibia",2021,3.63,,
"Namibia",2022,6.09,,
"Nauru",2010,-1.97,,
"Nauru",2011,-3.37,,
"Nauru",2012,0.26,,
"Nauru",2013,-1.11,,
"Nauru",2014,0.28,,
"Nauru",2015,9.78,,
"Nauru",2016,8.15,,
"Nauru",2017,5.08,,
"Nauru",2018,1.23,,
"Nauru",2019,2.12,,
"Nauru",2020,1.77,,
"Nauru",2021,2.44,,
"Nauru",2022,2.57,,
"Nepal",2010,9.57,,
"Nepal",2011,9.57,,
"Nepal",2012,8.31,,
"Nepal",2013,9.87,,
"Nepal",2014,9.04,,
"Nepal",2015,7.21,,
"Nepal",2016,9.93,,
"Nepal",2017,4.45,,
"Nepal",2018,4.15,,
"Nepal",2019,4.64,,
"Nepal",2020,6.15,,
"Nepal",2021,3.6,,
"Nepal",2022,6.25,,
"Netherlands (Kingdom of the)",2010,0.93,,
"Netherlands (Kingdom of the)",2011,2.47,,
"Netherlands (Kingdom of the)",2012,2.82,,
"Netherlands (Kingdom of the)",2013,2.55,,
"Netherlands (Kingdom of the)",2014,0.32,,
"Netherlands (Kingdom of the)",2015,0.22,,
"Netherlands (Kingdom of the)",2016,0.11,,
"Netherlands (Kingdom of the)",2017,1.29,,
"Netherlands (Kingdom of the)",2018,1.6,,
"Netherlands (Kingdom of the)",2019,2.67,,
"Netherlands (Kingdom of the)",2020,1.12,,
"Netherlands (Kingdom of the)",2021,2.83,,
"Netherlands (Kingdom of the)",2022,11.62,,
"New Caledonia",2010,2.11,,
"New Caledonia",2011,2.29,,
"New Caledonia",2012,1.81,,
"New Caledonia",2013,1.36,,
"New Caledonia",2014,0.1,,
"New Caledonia",2015,0.31,,
"New Caledonia",2016,0.1,,
"New Caledonia",2017,1.33,,
"New Caledonia",2018,0.71,,
"New Caledonia",2019,-0.1,,
"New Caledonia",2020,-0.5,,
"New Caledonia",2021,0.61,,
"New Caledonia",2022,3.72,,
"New Zealand",2010,2.3,,
"New Zealand",2011,4.03,,
"New Zealand",2012,1.06,,
"New Zealand",2013,1.13,,
"New Zealand",2014,1.23,,
"New Zealand",2015,0.29,,
"New Zealand",2016,0.65,,
"New Zealand",2017,1.85,,
"New Zealand",2018,1.6,,
"New Zealand",2019,1.62,,
"New Zealand",2020,1.71,,
"New Zealand",2021,3.94,,
"New Zealand",2022,7.17,,
"Nicaragua",2010,5.45,,
"Nicaragua",2011,8.08,,
"Nicaragua",2012,7.19,,
"Nicaragua",2013,7.14,,
"Nicaragua",2014,6.04,,
"Nicaragua",2015,4,,
"Nicaragua",2016,3.52,,
"Nicaragua",2017,3.85,,
"Nicaragua",2018,4.95,,
"Nicaragua",2019,5.38,,
"Nicaragua",2020,3.68,,
"Nicaragua",2021,4.92,,
"Nicaragua",2022,10.45,,
"Niger",2010,0.94,,
"Niger",2011,2.93,,
"Niger",2012,0.47,,
"Niger",2013,2.28,,
"Niger",2014,-0.89,,
"Niger",2015,0.96,,
"Niger",2016,0.18,,
"Niger",2017,0.19,,
"Niger",2018,2.75,,
"Niger",2019,-2.52,,
"Niger",2020,2.9,,
"Niger",2021,3.84,,
"Niger",2022,4.23,,
"Nigeria",2010,13.74,,
"Nigeria",2011,10.82,,
"Nigeria",2012,12.23,,
"Nigeria",2013,8.49,,
"Nigeria",2014,8.05,,
"Nigeria",2015,9.01,,
"Nigeria",2016,15.7,,
"Nigeria",2017,16.5,,
"Nigeria",2018,12.09,,
"Nigeria",2019,11.4,,
"Nigeria",2020,13.25,,
"Nigeria",2021,16.95,,
"Nigeria",2022,18.85,,
"North Macedonia",2010,1.51,,
"North Macedonia",2011,3.91,,
"North Macedonia",2012,3.32,,
"North Macedonia",2013,2.79,,
"North Macedonia",2014,-0.28,,
"North Macedonia",2015,-0.3,,
"North Macedonia",2016,-0.24,,
"North Macedonia",2017,1.35,,
"North Macedonia",2018,1.46,,
"North Macedonia",2019,0.77,,
"North Macedonia",2020,1.2,,
"North Macedonia",2021,3.23,,
"North Macedonia",2022,14.21,,
"Norway",2010,2.42,,
"Norway",2011,1.28,,
"Norway",2012,0.7,,
"Norway",2013,2.12,,
"Norway",2014,2.04,,
"Norway",2015,2.17,,
"Norway",2016,3.55,,
"Norway",2017,1.88,,
"Norway",2018,2.76,,
"Norway",2019,2.17,,
"Norway",2020,1.29,,
"Norway",2021,3.48,,
"Norway",2022,5.76,,
"Oman",2010,3.26,,
"Oman",2011,4.06,,
"Oman",2012,2.94,,
"Oman",2013,1.04,,
"Oman",2014,1.02,,
"Oman",2015,0.07,,
"Oman",2016,1.11,,
"Oman",2017,1.6,,
"Oman",2018,0.88,,
"Oman",2019,0.13,,
"Oman",2020,-0.9,,
"Oman",2021,1.55,,
"Oman",2022,2.81,,
"Pakistan",2010,10.1,,
"Pakistan",2011,13.66,,
"Pakistan",2012,11,,
"Pakistan",2013,7.36,,
"Pakistan",2014,8.62,,
"Pakistan",2015,4.52,,
"Pakistan",2016,2.86,,
"Pakistan",2017,4.15,,
"Pakistan",2018,3.92,,
"Pakistan",2019,6.74,,
"Pakistan",2020,10.74,,
"Pakistan",2021,8.9,,
"Pakistan",2022,12.15,,
"Palau",2010,1.09,,
"Palau",2011,2.63,,
"Palau",2012,5.44,,
"Palau",2013,2.85,,
"Palau",2014,3.96,,
"Palau",2015,2.2,,
"Palau",2016,-1.34,,
"Palau",2017,1.1,,
"Palau",2018,1.95,,
"Palau",2019,0.61,,
"Palau",2020,0.68,,
"Palau",2021,0.45,,
"Palau",2022,8.75,,
"Panama",2010,3.49,,
"Panama",2011,5.88,,
"Panama",2012,5.7,,
"Panama",2013,4.03,,
"Panama",2014,2.62,,
"Panama",2015,0.14,,
"Panama",2016,0.74,,
"Panama",2017,0.88,,
"Panama",2018,0.76,,
"Panama",2019,-0.36,,
"Panama",2020,-1.55,,
"Panama",2021,1.63,,
"Panama",2022,2.86,,
"Papua New Guinea",2010,5.1,,
"Papua New Guinea",2011,4.44,,
"Papua New Guinea",2012,4.54,,
"Papua New Guinea",2013,4.96,,
"Papua New Guinea",2014,5.22,,
"Papua New Guinea",2015,6,,
"Papua New Guinea",2016,6.67,,
"Papua New Guinea",2017,5.42,,
"Papua New Guinea",2018,4.41,,
"Papua New Guinea",2019,3.93,,
"Papua New Guinea",2020,4.87,,
"Papua New Guinea",2021,4.49,,
"Papua New Guinea",2022,6.6,,
"Paraguay",2010,4.65,,
"Paraguay",2011,8.25,,
"Paraguay",2012,3.67,,
"Paraguay",2013,2.68,,
"Paraguay",2014,5.03,,
"Paraguay",2015,3.13,,
"Paraguay",2016,4.09,,
"Paraguay",2017,3.6,,
"Paraguay",2018,3.97,,
"Paraguay",2019,2.76,,
"Paraguay",2020,1.77,,
"Paraguay",2021,4.79,,
"Paraguay",2022,9.77,,
"Peru",2010,1.53,,
"Peru",2011,3.37,,
"Peru",2012,3.66,,
"Peru",2013,2.81,,
"Peru",2014,3.25,,
"Peru",2015,3.55,,
"Peru",2016,3.59,,
"Peru",2017,2.8,,
"Peru",2018,1.32,,
"Peru",2019,2.14,,
"Peru",2020,1.83,,
"Peru",2021,3.98,,
"Peru",2022,7.87,,
"Philippines",2010,3.74,,
"Philippines",2011,4.75,,
"Philippines",2012,3.16,,
"Philippines",2013,2.59,,
"Philippines",2014,3.59,,
"Philippines",2015,0.69,,
"Philippines",2016,1.23,,
"Philippines",2017,2.85,,
"Philippines",2018,5.31,,
"Philippines",2019,2.39,,
"Philippines",2020,2.39,,
"Philippines",2021,3.93,,
"Philippines",2022,5.82,,
"Poland",2010,2.59,,
"Poland",2011,4.23,,
"Poland",2012,3.73,,
"Poland",2013,1.12,,
"Poland",2014,0.1,,
"Poland",2015,-0.92,,
"Poland",2016,-0.68,,
"Poland",2017,1.97,,
"Poland",2018,1.77,,
"Poland",2019,2.24,,
"Poland",2020,3.38,,
"Poland",2021,5.12,,
"Poland",2022,14.36,,
"Portugal",2010,1.39,,
"Portugal",2011,3.55,,
"Portugal",2012,2.78,,
"Portugal",2013,0.44,,
"Portugal",2014,-0.16,,
"Portugal",2015,0.51,,
"Portugal",2016,0.64,,
"Portugal",2017,1.56,,
"Portugal",2018,1.17,,
"Portugal",2019,0.3,,
"Portugal",2020,-0.12,,
"Portugal",2021,0.94,,
"Portugal",2022,8.1,,
"Qatar",2010,-2.39,,
"Qatar",2011,1.98,,
"Qatar",2012,1.83,,
"Qatar",2013,3.14,,
"Qatar",2014,4.24,,
"Qatar",2015,0.94,,
"Qatar",2016,2.69,,
"Qatar",2017,0.6,,
"Qatar",2018,0.1,,
"Qatar",2019,-0.9,,
"Qatar",2020,-2.52,,
"Qatar",2021,2.28,,
"Qatar",2022,4.96,,
"Romania",2010,6.11,,
"Romania",2011,5.8,,
"Romania",2012,3.34,,
"Romania",2013,4,,
"Romania",2014,1.08,,
"Romania",2015,-0.6,,
"Romania",2016,-1.55,,
"Romania",2017,1.34,,
"Romania",2018,4.63,,
"Romania",2019,3.83,,
"Romania",2020,2.65,,
"Romania",2021,5.05,,
"Romania",2022,13.8,,
"Russian Federation",2010,6.85,,
"Russian Federation",2011,8.44,,
"Russian Federation",2012,5.08,,
"Russian Federation",2013,6.75,,
"Russian Federation",2014,7.82,,
"Russian Federation",2015,15.53,,
"Russian Federation",2016,7.04,,
"Russian Federation",2017,3.68,,
"Russian Federation",2018,2.88,,
"Russian Federation",2019,4.47,,
"Russian Federation",2020,3.38,,
"Russian Federation",2021,6.69,,
"Russian Federation",2022,13.77,,
"Rwanda",2010,2.32,,
"Rwanda",2011,5.66,,
"Rwanda",2012,6.29,,
"Rwanda",2013,4.22,,
"Rwanda",2014,1.77,,
"Rwanda",2015,2.53,,
"Rwanda",2016,5.72,,
"Rwanda",2017,4.82,,
"Rwanda",2018,1.36,,
"Rwanda",2019,2.42,,
"Rwanda",2020,7.73,,
"Rwanda",2021,0.83,,
"Rwanda",2022,13.88,,
"Saint Kitts and Nevis",2010,0.85,,
"Saint Kitts and Nevis",2011,5.83,,
"Saint Kitts and Nevis",2012,0.82,,
"Saint Kitts and Nevis",2013,1.11,,
"Saint Kitts and Nevis",2014,0.25,,
"Saint Kitts and Nevis",2015,-2.3,,
"Saint Kitts and Nevis",2016,-0.69,,
"Saint Kitts and Nevis",2017,0.7,,
"Saint Kitts and Nevis",2018,-1.04,,
"Saint Kitts and Nevis",2019,-0.33,,
"Saint Kitts and Nevis",2020,-1.18,,
"Saint Kitts and Nevis",2021,1.21,,
"Saint Kitts and Nevis",2022,2.74,,
"Saint Lucia",2010,3.25,,
"Saint Lucia",2011,2.77,,
"Saint Lucia",2012,4.18,,
"Saint Lucia",2013,1.47,,
"Saint Lucia",2014,3.52,,
"Saint Lucia",2015,-0.98,,
"Saint Lucia",2016,-3.08,,
"Saint Lucia",2017,0.1,,
"Saint Lucia",2018,2.56,,
"Saint Lucia",2019,0.54,,
"Saint Lucia",2020,-1.76,,
"Saint Lucia",2021,2.38,,
"Saint Lucia",2022,6.74,,
"Saint Vincent and the Grenadines",2010,0.76,,
"Saint Vincent and the Grenadines",2011,3.19,,
"Saint Vincent and the Grenadines",2012,2.6,,
"Saint Vincent and the Grenadines",2013,0.81,,
"Saint Vincent and the Grenadines",2014,0.19,,
"Saint Vincent and the Grenadines",2015,-1.73,,
"Saint Vincent and the Grenadines",2016,-0.16,,
"Saint Vincent and the Grenadines",2017,2.15,,
"Saint Vincent and the Grenadines",2018,2.32,,
"Saint Vincent and the Grenadines",2019,0.91,,
"Saint Vincent and the Grenadines",2020,-0.61,,
"Saint Vincent and the Grenadines",2021,1.56,,
"Saint Vincent and the Grenadines",2022,5.66,,
"Samoa",2010,-0.2,,
"Samoa",2011,2.87,,
"Samoa",2012,6.19,,
"Samoa",2013,-0.21,,
"Samoa",2014,-1.24,,
"Samoa",2015,1.92,,
"Samoa",2016,0.07,,
"Samoa",2017,1.35,,
"Samoa",2018,3.68,,
"Samoa",2019,2.19,,
"Samoa",2020,1.48,,
"Samoa",2021,-3.01,,
"Samoa",2022,8.75,,
"San Marino",2010,2.41,,
"San Marino",2011,2.18,,
"San Marino",2012,2.83,,
"San Marino",2013,1.6,,
"San Marino",2014,1.11,,
"San Marino",2015,0.15,,
"San Marino",2016,0.57,,
"San Marino",2017,1.05,,
"San Marino",2018,1.76,,
"San Marino",2019,0.95,,
"San Marino",2020,0.22,,
"San Marino",2021,2.08,,
"San Marino",2022,7.12,,
"Sao Tome and Principe",2010,13.34,,
"Sao Tome and Principe",2011,14.32,,
"Sao Tome and Principe",2012,10.64,,
"Sao Tome and Principe",2013,8.11,,
"Sao Tome and Principe",2014,6.99,,
"Sao Tome and Principe",2015,6.13,,
"Sao Tome and Principe",2016,5.41,,
"Sao Tome and Principe",2017,5.69,,
"Sao Tome and Principe",2018,7.87,,
"Sao Tome and Principe",2019,7.72,,
"Sao Tome and Principe",2020,9.82,,
"Sao Tome and Principe",2021,8.14,,
"Sao Tome and Principe",2022,18,,
"Saudi Arabia",2010,3.7,,
"Saudi Arabia",2011,3.74,,
"Saudi Arabia",2012,2.87,,
"Saudi Arabia",2013,3.53,,
"Saudi Arabia",2014,2.24,,
"Saudi Arabia",2015,1.21,,
"Saudi Arabia",2016,2.07,,
"Saudi Arabia",2017,-0.84,,
"Saudi Arabia",2018,2.46,,
"Saudi Arabia",2019,-2.09,,
"Saudi Arabia",2020,3.45,,
"Saudi Arabia",2021,3.06,,
"Saudi Arabia",2022,2.47,,
"Senegal",2010,1.23,,
"Senegal",2011,3.4,,
"Senegal",2012,1.42,,
"Senegal",2013,0.71,,
"Senegal",2014,-1.09,,
"Senegal",2015,0.86,,
"Senegal",2016,1.19,,
"Senegal",2017,1.14,,
"Senegal",2018,0.45,,
"Senegal",2019,1.02,,
"Senegal",2020,2.53,,
"Senegal",2021,2.18,,
"Senegal",2022,9.69,,
"Serbia",2010,6.14,,
"Serbia",2011,11.14,,
"Serbia",2012,7.33,,
"Serbia",2013,7.69,,
"Serbia",2014,2.08,,
"Serbia",2015,1.39,,
"Serbia",2016,1.12,,
"Serbia",2017,3.13,,
"Serbia",2018,1.96,,
"Serbia",2019,1.85,,
"Serbia",2020,1.57,,
"Serbia",2021,4.09,,
"Serbia",2022,11.98,,
"Seychelles",2010,-2.4,,
"Seychelles",2011,2.56,,
"Seychelles",2012,7.11,,
"Seychelles",2013,4.34,,
"Seychelles",2014,1.39,,
"Seychelles",2015,4.04,,
"Seychelles",2016,-1.02,,
"Seychelles",2017,2.86,,
"Seychelles",2018,3.7,,
"Seychelles",2019,1.81,,
"Seychelles",2020,1.2,,
"Seychelles",2021,9.77,,
"Seychelles",2022,2.73,,
"Sierra Leone",2010,7.18,,
"Sierra Leone",2011,6.79,,
"Sierra Leone",2012,6.59,,
"Sierra Leone",2013,5.52,,
"Sierra Leone",2014,4.64,,
"Sierra Leone",2015,6.69,,
"Sierra Leone",2016,10.89,,
"Sierra Leone",2017,18.22,,
"Sierra Leone",2018,16.03,,
"Sierra Leone",2019,14.81,,
"Sierra Leone",2020,13.45,,
"Sierra Leone",2021,11.87,,
"Sierra Leone",2022,27.21,,
"Singapore",2010,2.82,,
"Singapore",2011,5.25,,
"Singapore",2012,4.58,,
"Singapore",2013,2.36,,
"Singapore",2014,1.02,,
"Singapore",2015,-0.52,,
"Singapore",2016,-0.53,,
"Singapore",2017,0.58,,
"Singapore",2018,0.44,,
"Singapore",2019,0.57,,
"Singapore",2020,-0.18,,
"Singapore",2021,2.31,,
"Singapore",2022,6.12,,
"Sint Maarten (Dutch part)",2010,,,"Not applicable"
"Sint Maarten (Dutch part)",2011,,,"Not available or not separately reported"
"Sint Maarten (Dutch part)",2012,4.02,,
"Sint Maarten (Dutch part)",2013,2.53,,
"Sint Maarten (Dutch part)",2014,1.89,,
"Sint Maarten (Dutch part)",2015,0.33,,
"Sint Maarten (Dutch part)",2016,0.12,,
"Sint Maarten (Dutch part)",2017,2.19,,
"Sint Maarten (Dutch part)",2018,-17.94,,
"Sint Maarten (Dutch part)",2019,0.39,,
"Sint Maarten (Dutch part)",2020,0.72,,
"Sint Maarten (Dutch part)",2021,2.77,,
"Sint Maarten (Dutch part)",2022,3.81,,
"Slovakia",2010,0.7,,
"Slovakia",2011,4.07,,
"Slovakia",2012,3.73,,
"Slovakia",2013,1.46,,
"Slovakia",2014,-0.1,,
"Slovakia",2015,-0.33,,
"Slovakia",2016,-0.47,,
"Slovakia",2017,1.39,,
"Slovakia",2018,2.52,,
"Slovakia",2019,2.77,,
"Slovakia",2020,2.01,,
"Slovakia",2021,2.82,,
"Slovakia",2022,12.13,,
"Slovenia",2010,1.8,,
"Slovenia",2011,1.8,,
"Slovenia",2012,2.59,,
"Slovenia",2013,1.77,,
"Slovenia",2014,0.2,,
"Slovenia",2015,-0.52,,
"Slovenia",2016,-0.05,,
"Slovenia",2017,1.43,,
"Slovenia",2018,1.74,,
"Slovenia",2019,1.63,,
"Slovenia",2020,-0.05,,
"Slovenia",2021,1.92,,
"Slovenia",2022,8.82,,
"Solomon Islands",2010,0.9,,
"Solomon Islands",2011,7.42,,
"Solomon Islands",2012,5.91,,
"Solomon Islands",2013,5.25,,
"Solomon Islands",2014,5.3,,
"Solomon Islands",2015,-0.57,,
"Solomon Islands",2016,0.5,,
"Solomon Islands",2017,0.5,,
"Solomon Islands",2018,3.48,,
"Solomon Islands",2019,1.64,,
"Solomon Islands",2020,2.96,,
"Solomon Islands",2021,-0.11,,
"Solomon Islands",2022,5.51,,
"Somalia",2010,,,"Not available or not separately reported"
"Somalia",2011,0.5,,
"Somalia",2012,-1.99,,
"Somalia",2013,4.47,,
"Somalia",2014,1.26,,
"Somalia",2015,0.91,,
"Somalia",2016,0.02,,
"Somalia",2017,3.96,,
"Somalia",2018,4.27,,
"Somalia",2019,4.52,,
"Somalia",2020,4.3,,
"Somalia",2021,4.62,,
"Somalia",2022,6.8,,
"South Africa",2010,4.21,,
"South Africa",2011,4.99,,
"South Africa",2012,5.65,,
"South Africa",2013,5.74,,
"South Africa",2014,6.1,,
"South Africa",2015,4.59,,
"South Africa",2016,6.33,,
"South Africa",2017,5.28,,
"South Africa",2018,4.61,,
"South Africa",2019,4.12,,
"South Africa",2020,3.28,,
"South Africa",2021,4.56,,
"South Africa",2022,6.87,,
"South Sudan",2010,,,"Not applicable"
"South Sudan",2011,,,"Not applicable"
"South Sudan",2012,,,"Not available or not separately reported"
"South Sudan",2013,-0.06,,
"South Sudan",2014,1.67,,
"South Sudan",2015,52.77,,
"South Sudan",2016,380,,
"South Sudan",2017,187.85,,
"South Sudan",2018,83.5,,
"South Sudan",2019,87.24,,
"South Sudan",2020,29.68,,
"South Sudan",2021,10.52,,
"South Sudan",2022,-6.69,,
"Spain",2010,2.04,,
"Spain",2011,3.05,,
"Spain",2012,2.44,,
"Spain",2013,1.53,,
"Spain",2014,-0.19,,
"Spain",2015,-0.63,,
"Spain",2016,-0.34,,
"Spain",2017,2.04,,
"Spain",2018,1.74,,
"Spain",2019,0.78,,
"Spain",2020,-0.34,,
"Spain",2021,3.01,,
"Spain",2022,8.32,,
"Sri Lanka",2010,6.25,,
"Sri Lanka",2011,6.72,,
"Sri Lanka",2012,7.54,,
"Sri Lanka",2013,6.94,,
"Sri Lanka",2014,2.76,,
"Sri Lanka",2015,2.24,,
"Sri Lanka",2016,3.99,,
"Sri Lanka",2017,6.58,,
"Sri Lanka",2018,4.27,,
"Sri Lanka",2019,4.3,,
"Sri Lanka",2020,4.56,,
"Sri Lanka",2021,5.96,,
"Sri Lanka",2022,46.36,,
"State of Palestine",2010,3.75,,
"State of Palestine",2011,2.88,,
"State of Palestine",2012,2.78,,
"State of Palestine",2013,1.72,,
"State of Palestine",2014,1.73,,
"State of Palestine",2015,1.43,,
"State of Palestine",2016,-0.22,,
"State of Palestine",2017,0.21,,
"State of Palestine",2018,-0.2,,
"State of Palestine",2019,1.56,,
"State of Palestine",2020,-0.71,,
"State of Palestine",2021,1.24,,
"State of Palestine",2022,3.72,,
"Sudan",2010,,,"Not applicable"
"Sudan",2011,,,"Not applicable"
"Sudan",2012,,,"Not available or not separately reported"
"Sudan",2013,36.52,,
"Sudan",2014,36.91,,
"Sudan",2015,16.91,,
"Sudan",2016,17.75,,
"Sudan",2017,32.35,,
"Sudan",2018,63.29,,
"Sudan",2019,50.99,,
"Sudan",2020,163.26,,
"Sudan",2021,359.09,,
"Sudan",2022,138.81,,
"Sudan (...2011)",2010,12.98,,
"Sudan (...2011)",2011,18.1,,
"Sudan (...2011)",2012,,,"Not applicable"
"Sudan (...2011)",2013,,,"Not applicable"
"Sudan (...2011)",2014,,,"Not applicable"
"Sudan (...2011)",2015,,,"Not applicable"
"Sudan (...2011)",2016,,,"Not applicable"
"Sudan (...2011)",2017,,,"Not applicable"
"Sudan (...2011)",2018,,,"Not applicable"
"Sudan (...2011)",2019,,,"Not applicable"
"Sudan (...2011)",2020,,,"Not applicable"
"Sudan (...2011)",2021,,,"Not applicable"
"Sudan (...2011)",2022,,,"Not applicable"
"Suriname",2010,6.95,,
"Suriname",2011,17.68,,
"Suriname",2012,5.01,,
"Suriname",2013,1.92,,
"Suriname",2014,3.38,,
"Suriname",2015,6.9,,
"Suriname",2016,55.5,,
"Suriname",2017,22.02,,
"Suriname",2018,6.94,,
"Suriname",2019,4.39,,
"Suriname",2020,34.89,,
"Suriname",2021,59.12,,
"Suriname",2022,52.45,,
"Sweden",2010,1.9,,
"Sweden",2011,1.36,,
"Sweden",2012,0.94,,
"Sweden",2013,0.44,,
"Sweden",2014,0.21,,
"Sweden",2015,0.7,,
"Sweden",2016,1.14,,
"Sweden",2017,1.87,,
"Sweden",2018,2.04,,
"Sweden",2019,1.72,,
"Sweden",2020,0.66,,
"Sweden",2021,2.65,,
"Sweden",2022,8.06,,
"Switzerland, Liechtenstein",2010,0.69,,
"Switzerland, Liechtenstein",2011,0.23,,
"Switzerland, Liechtenstein",2012,-0.69,,
"Switzerland, Liechtenstein",2013,-0.22,,
"Switzerland, Liechtenstein",2014,-0.01,,
"Switzerland, Liechtenstein",2015,-1.14,,
"Switzerland, Liechtenstein",2016,-0.44,,
"Switzerland, Liechtenstein",2017,0.53,,
"Switzerland, Liechtenstein",2018,0.93,,
"Switzerland, Liechtenstein",2019,0.36,,
"Switzerland, Liechtenstein",2020,-0.73,,
"Switzerland, Liechtenstein",2021,0.58,,
"Switzerland, Liechtenstein",2022,2.83,,
"Liechtenstein",2010,0.69,"Estimated",
"Liechtenstein",2011,0.23,"Estimated",
"Liechtenstein",2012,-0.69,"Estimated",
"Liechtenstein",2013,-0.22,"Estimated",
"Liechtenstein",2014,-0.01,"Estimated",
"Liechtenstein",2015,-1.14,"Estimated",
"Liechtenstein",2016,-0.44,"Estimated",
"Liechtenstein",2017,0.53,"Estimated",
"Liechtenstein",2018,0.93,"Estimated",
"Liechtenstein",2019,0.36,"Estimated",
"Liechtenstein",2020,-0.73,"Estimated",
"Liechtenstein",2021,0.58,"Estimated",
"Liechtenstein",2022,2.83,"Estimated",
"Switzerland",2010,0.69,"Estimated",
"Switzerland",2011,0.23,"Estimated",
"Switzerland",2012,-0.69,"Estimated",
"Switzerland",2013,-0.22,"Estimated",
"Switzerland",2014,-0.01,"Estimated",
"Switzerland",2015,-1.14,"Estimated",
"Switzerland",2016,-0.44,"Estimated",
"Switzerland",2017,0.53,"Estimated",
"Switzerland",2018,0.93,"Estimated",
"Switzerland",2019,0.36,"Estimated",
"Switzerland",2020,-0.73,"Estimated",
"Switzerland",2021,0.58,"Estimated",
"Switzerland",2022,2.83,"Estimated",
"Syrian Arab Republic",2010,4.4,,
"Syrian Arab Republic",2011,4.75,,
"Syrian Arab Republic",2012,36.7,,
"Syrian Arab Republic",2013,51.75,,
"Syrian Arab Republic",2014,49.18,,
"Syrian Arab Republic",2015,38.46,,
"Syrian Arab Republic",2016,47.7,,
"Syrian Arab Republic",2017,18.08,,
"Syrian Arab Republic",2018,0.94,,
"Syrian Arab Republic",2019,13.42,,
"Syrian Arab Republic",2020,114.21,,
"Syrian Arab Republic",2021,98.33,,
"Syrian Arab Republic",2022,94.11,,
"Tajikistan",2010,6.46,,
"Tajikistan",2011,12.42,,
"Tajikistan",2012,5.8,,
"Tajikistan",2013,5.04,,
"Tajikistan",2014,6.08,,
"Tajikistan",2015,5.78,,
"Tajikistan",2016,5.91,,
"Tajikistan",2017,7.31,,
"Tajikistan",2018,3.84,,
"Tajikistan",2019,7.79,,
"Tajikistan",2020,8.58,,
"Tajikistan",2021,8.97,,
"Tajikistan",2022,6.64,,
"Tanzania, United Republic of",2010,7.19,,
"Tanzania, United Republic of",2011,12.69,,
"Tanzania, United Republic of",2012,16,,
"Tanzania, United Republic of",2013,7.87,,
"Tanzania, United Republic of",2014,6.13,,
"Tanzania, United Republic of",2015,5.59,,
"Tanzania, United Republic of",2016,5.17,,
"Tanzania, United Republic of",2017,5.32,,
"Tanzania, United Republic of",2018,3.51,,
"Tanzania, United Republic of",2019,3.45,,
"Tanzania, United Republic of",2020,3.29,,
"Tanzania, United Republic of",2021,3.69,,
"Tanzania, United Republic of",2022,4.35,,
"Thailand",2010,3.3,,
"Thailand",2011,3.81,,
"Thailand",2012,3.01,,
"Thailand",2013,2.19,,
"Thailand",2014,1.89,,
"Thailand",2015,-0.9,,
"Thailand",2016,0.19,,
"Thailand",2017,0.66,,
"Thailand",2018,1.07,,
"Thailand",2019,0.71,,
"Thailand",2020,-0.85,,
"Thailand",2021,1.23,,
"Thailand",2022,6.08,,
"Timor-Leste",2010,5.18,,
"Timor-Leste",2011,13.17,,
"Timor-Leste",2012,10.93,,
"Timor-Leste",2013,9.45,,
"Timor-Leste",2014,0.85,,
"Timor-Leste",2015,0.65,,
"Timor-Leste",2016,-1.47,,
"Timor-Leste",2017,0.52,,
"Timor-Leste",2018,2.29,,
"Timor-Leste",2019,0.89,,
"Timor-Leste",2020,0.49,,
"Timor-Leste",2021,3.77,,
"Timor-Leste",2022,7.01,,
"Togo",2010,0.21,,
"Togo",2011,3.56,,
"Togo",2012,2.64,,
"Togo",2013,1.76,,
"Togo",2014,0.19,,
"Togo",2015,1.79,,
"Togo",2016,0.86,,
"Togo",2017,-0.22,,
"Togo",2018,0.93,,
"Togo",2019,0.69,,
"Togo",2020,1.83,,
"Togo",2021,4.55,,
"Togo",2022,7.62,,
"Tonga",2010,1.67,,
"Tonga",2011,6.02,,
"Tonga",2012,3.28,,
"Tonga",2013,0.68,,
"Tonga",2014,2.29,,
"Tonga",2015,0.05,,
"Tonga",2016,-0.62,,
"Tonga",2017,7.2,,
"Tonga",2018,6.78,,
"Tonga",2019,3.29,,
"Tonga",2020,0.42,,
"Tonga",2021,1.41,,
"Tonga",2022,8.52,,
"Trinidad and Tobago",2010,10.54,,
"Trinidad and Tobago",2011,5.09,,
"Trinidad and Tobago",2012,9.28,,
"Trinidad and Tobago",2013,5.19,,
"Trinidad and Tobago",2014,5.7,,
"Trinidad and Tobago",2015,4.66,,
"Trinidad and Tobago",2016,3.07,,
"Trinidad and Tobago",2017,1.88,,
"Trinidad and Tobago",2018,1.02,,
"Trinidad and Tobago",2019,1,,
"Trinidad and Tobago",2020,0.6,,
"Trinidad and Tobago",2021,2.06,,
"Trinidad and Tobago",2022,5.83,,
"Tunisia",2010,4.36,,
"Tunisia",2011,3.24,,
"Tunisia",2012,4.61,,
"Tunisia",2013,5.32,,
"Tunisia",2014,4.63,,
"Tunisia",2015,4.44,,
"Tunisia",2016,3.63,,
"Tunisia",2017,5.31,,
"Tunisia",2018,7.31,,
"Tunisia",2019,6.72,,
"Tunisia",2020,5.64,,
"Tunisia",2021,5.71,,
"Tunisia",2022,8.31,,
"Turkiye",2010,8.57,,
"Turkiye",2011,6.47,,
"Turkiye",2012,8.89,,
"Turkiye",2013,7.49,,
"Turkiye",2014,8.85,,
"Turkiye",2015,7.67,,
"Turkiye",2016,7.78,,
"Turkiye",2017,11.14,,
"Turkiye",2018,16.33,,
"Turkiye",2019,15.18,,
"Turkiye",2020,12.28,,
"Turkiye",2021,19.6,,
"Turkiye",2022,72.31,,
"Turkmenistan",2010,4.45,,
"Turkmenistan",2011,5.28,,
"Turkmenistan",2012,5.31,,
"Turkmenistan",2013,6.81,,
"Turkmenistan",2014,6.01,,
"Turkmenistan",2015,7.4,,
"Turkmenistan",2016,3.65,,
"Turkmenistan",2017,8.04,,
"Turkmenistan",2018,13.3,,
"Turkmenistan",2019,5.09,,
"Turkmenistan",2020,6.1,,
"Turkmenistan",2021,19.48,,
"Turkmenistan",2022,11.48,,
"Turks and Caicos Islands",2010,3.2,,
"Turks and Caicos Islands",2011,5.2,,
"Turks and Caicos Islands",2012,3.11,,
"Turks and Caicos Islands",2013,2.5,,
"Turks and Caicos Islands",2014,2.3,,
"Turks and Caicos Islands",2015,2.2,,
"Turks and Caicos Islands",2016,2,,
"Turks and Caicos Islands",2017,2.1,,
"Turks and Caicos Islands",2018,2.1,,
"Turks and Caicos Islands",2019,2.3,,
"Turks and Caicos Islands",2020,2.3,,
"Turks and Caicos Islands",2021,5.01,,
"Turks and Caicos Islands",2022,8.49,,
"Tuvalu",2010,-1.85,,
"Tuvalu",2011,0.5,,
"Tuvalu",2012,1.41,,
"Tuvalu",2013,2.02,,
"Tuvalu",2014,1.13,,
"Tuvalu",2015,3.14,,
"Tuvalu",2016,3.49,,
"Tuvalu",2017,4.09,,
"Tuvalu",2018,2.16,,
"Tuvalu",2019,3.49,,
"Tuvalu",2020,1.85,,
"Tuvalu",2021,6.21,,
"Tuvalu",2022,11.48,,
"Uganda",2010,3.98,,
"Uganda",2011,18.66,,
"Uganda",2012,14.01,,
"Uganda",2013,5.47,,
"Uganda",2014,4.29,,
"Uganda",2015,3.69,,
"Uganda",2016,5.17,,
"Uganda",2017,5.58,,
"Uganda",2018,2.55,,
"Uganda",2019,2.14,,
"Uganda",2020,2.76,,
"Uganda",2021,2.21,,
"Uganda",2022,6.78,,
"Ukraine",2010,9.36,,
"Ukraine",2011,7.96,,
"Ukraine",2012,0.57,,
"Ukraine",2013,-0.26,,
"Ukraine",2014,12.1,,
"Ukraine",2015,48.68,,
"Ukraine",2016,13.91,,
"Ukraine",2017,14.44,,
"Ukraine",2018,10.95,,
"Ukraine",2019,7.89,,
"Ukraine",2020,2.74,,
"Ukraine",2021,9.36,,
"Ukraine",2022,20.18,,
"United Arab Emirates",2010,0.88,,
"United Arab Emirates",2011,0.88,,
"United Arab Emirates",2012,0.66,,
"United Arab Emirates",2013,1.1,,
"United Arab Emirates",2014,2.35,,
"United Arab Emirates",2015,4.07,,
"United Arab Emirates",2016,1.62,,
"United Arab Emirates",2017,1.97,,
"United Arab Emirates",2018,3.07,,
"United Arab Emirates",2019,-1.93,,
"United Arab Emirates",2020,-2.08,,
"United Arab Emirates",2021,-0.11,,
"United Arab Emirates",2022,4.83,,
"United Kingdom",2010,3.3,,
"United Kingdom",2011,4.46,,
"United Kingdom",2012,2.83,,
"United Kingdom",2013,2.57,,
"United Kingdom",2014,1.46,,
"United Kingdom",2015,0.04,,
"United Kingdom",2016,0.66,,
"United Kingdom",2017,2.68,,
"United Kingdom",2018,2.48,,
"United Kingdom",2019,1.79,,
"United Kingdom",2020,0.85,,
"United Kingdom",2021,2.59,,
"United Kingdom",2022,9.07,,
"United Kingdom excl. Channel Islands and Isle of Man",2010,3.3,"Estimated",
"United Kingdom excl. Channel Islands and Isle of Man",2011,4.46,"Estimated",
"United Kingdom excl. Channel Islands and Isle of Man",2012,2.83,"Estimated",
"United Kingdom excl. Channel Islands and Isle of Man",2013,2.57,"Estimated",
"United Kingdom excl. Channel Islands and Isle of Man",2014,1.46,"Estimated",
"United Kingdom excl. Channel Islands and Isle of Man",2015,0.04,"Estimated",
"United Kingdom excl. Channel Islands and Isle of Man",2016,0.66,"Estimated",
"United Kingdom excl. Channel Islands and Isle of Man",2017,2.68,"Estimated",
"United Kingdom excl. Channel Islands and Isle of Man",2018,2.48,"Estimated",
"United Kingdom excl. Channel Islands and Isle of Man",2019,1.79,"Estimated",
"United Kingdom excl. Channel Islands and Isle of Man",2020,0.85,"Estimated",
"United Kingdom excl. Channel Islands and Isle of Man",2021,2.59,"Estimated",
"United Kingdom excl. Channel Islands and Isle of Man",2022,9.07,"Estimated",
"United States of America",2010,1.64,,
"United States of America",2011,3.14,,
"United States of America",2012,2.07,,
"United States of America",2013,1.47,,
"United States of America",2014,1.62,,
"United States of America",2015,0.12,,
"United States of America",2016,1.27,,
"United States of America",2017,2.13,,
"United States of America",2018,2.44,,
"United States of America",2019,1.81,,
"United States of America",2020,1.25,,
"United States of America",2021,4.68,,
"United States of America",2022,7.99,,
"Puerto Rico",2010,2.47,,
"Puerto Rico",2011,2.9,,
"Puerto Rico",2012,1.35,,
"Puerto Rico",2013,1.06,,
"Puerto Rico",2014,0.57,,
"Puerto Rico",2015,-0.75,,
"Puerto Rico",2016,-0.29,,
"Puerto Rico",2017,1.75,,
"Puerto Rico",2018,1.27,,
"Puerto Rico",2019,0.08,,
"Puerto Rico",2020,-0.5,,
"Puerto Rico",2021,2.41,,
"Puerto Rico",2022,4.32,,
"United States of America excluding Puerto Rico and United States Virgin Islands",2010,1.64,"Estimated",
"United States of America excluding Puerto Rico and United States Virgin Islands",2011,3.14,"Estimated",
"United States of America excluding Puerto Rico and United States Virgin Islands",2012,2.07,"Estimated",
"United States of America excluding Puerto Rico and United States Virgin Islands",2013,1.47,"Estimated",
"United States of America excluding Puerto Rico and United States Virgin Islands",2014,1.62,"Estimated",
"United States of America excluding Puerto Rico and United States Virgin Islands",2015,0.12,"Estimated",
"United States of America excluding Puerto Rico and United States Virgin Islands",2016,1.27,"Estimated",
"United States of America excluding Puerto Rico and United States Virgin Islands",2017,2.13,"Estimated",
"United States of America excluding Puerto Rico and United States Virgin Islands",2018,2.44,"Estimated",
"United States of America excluding Puerto Rico and United States Virgin Islands",2019,1.81,"Estimated",
"United States of America excluding Puerto Rico and United States Virgin Islands",2020,1.25,"Estimated",
"United States of America excluding Puerto Rico and United States Virgin Islands",2021,4.68,"Estimated",
"United States of America excluding Puerto Rico and United States Virgin Islands",2022,7.99,"Estimated",
"Uruguay",2010,6.69,,
"Uruguay",2011,8.09,,
"Uruguay",2012,8.1,,
"Uruguay",2013,8.58,,
"Uruguay",2014,8.88,,
"Uruguay",2015,8.66,,
"Uruguay",2016,9.64,,
"Uruguay",2017,6.22,,
"Uruguay",2018,7.61,,
"Uruguay",2019,7.88,,
"Uruguay",2020,9.75,,
"Uruguay",2021,7.75,,
"Uruguay",2022,9.11,,
"Uzbekistan",2010,12.3,,
"Uzbekistan",2011,12.45,,
"Uzbekistan",2012,11.9,,
"Uzbekistan",2013,11.7,,
"Uzbekistan",2014,9.08,,
"Uzbekistan",2015,8.47,,
"Uzbekistan",2016,8.82,,
"Uzbekistan",2017,13.88,,
"Uzbekistan",2018,17.52,,
"Uzbekistan",2019,14.53,,
"Uzbekistan",2020,12.87,,
"Uzbekistan",2021,10.85,,
"Uzbekistan",2022,11.45,,
"Vanuatu",2010,2.76,,
"Vanuatu",2011,0.87,,
"Vanuatu",2012,1.35,,
"Vanuatu",2013,1.46,,
"Vanuatu",2014,0.8,,
"Vanuatu",2015,2.48,,
"Vanuatu",2016,0.84,,
"Vanuatu",2017,3.07,,
"Vanuatu",2018,2.38,,
"Vanuatu",2019,2.71,,
"Vanuatu",2020,5.35,,
"Vanuatu",2021,2.34,,
"Vanuatu",2022,4.58,,
"Venezuela (Bolivarian Rep. of)",2010,28.19,,
"Venezuela (Bolivarian Rep. of)",2011,26.09,,
"Venezuela (Bolivarian Rep. of)",2012,21.07,,
"Venezuela (Bolivarian Rep. of)",2013,40.64,,
"Venezuela (Bolivarian Rep. of)",2014,62.17,,
"Venezuela (Bolivarian Rep. of)",2015,121.74,,
"Venezuela (Bolivarian Rep. of)",2016,254.95,,
"Venezuela (Bolivarian Rep. of)",2017,438.12,,
"Venezuela (Bolivarian Rep. of)",2018,65374.08,,
"Venezuela (Bolivarian Rep. of)",2019,19906.02,,
"Venezuela (Bolivarian Rep. of)",2020,2355.15,,
"Venezuela (Bolivarian Rep. of)",2021,1588.51,,
"Venezuela (Bolivarian Rep. of)",2022,200.91,,
"Viet Nam",2010,9.21,,
"Viet Nam",2011,18.68,,
"Viet Nam",2012,9.1,,
"Viet Nam",2013,6.6,,
"Viet Nam",2014,4.08,,
"Viet Nam",2015,0.63,,
"Viet Nam",2016,2.67,,
"Viet Nam",2017,3.52,,
"Viet Nam",2018,3.54,,
"Viet Nam",2019,2.8,,
"Viet Nam",2020,3.22,,
"Viet Nam",2021,1.83,,
"Viet Nam",2022,3.19,,
"Yemen",2010,11.17,,
"Yemen",2011,19.54,,
"Yemen",2012,9.89,,
"Yemen",2013,10.97,,
"Yemen",2014,8.16,,
"Yemen",2015,22,,
"Yemen",2016,21.3,,
"Yemen",2017,30.4,,
"Yemen",2018,33.65,,
"Yemen",2019,15.43,,
"Yemen",2020,19.59,,
"Yemen",2021,26.02,,
"Yemen",2022,29.07,,
"Zambia",2010,8.5,,
"Zambia",2011,8.66,,
"Zambia",2012,6.58,,
"Zambia",2013,6.98,,
"Zambia",2014,7.81,,
"Zambia",2015,10.11,,
"Zambia",2016,17.87,,
"Zambia",2017,6.58,,
"Zambia",2018,7.49,,
"Zambia",2019,9.15,,
"Zambia",2020,15.73,,
"Zambia",2021,22.02,,
"Zambia",2022,10.99,,
"Zimbabwe",2010,3.04,,
"Zimbabwe",2011,3.47,,
"Zimbabwe",2012,3.72,,
"Zimbabwe",2013,1.63,,
"Zimbabwe",2014,-0.21,,
"Zimbabwe",2015,-2.41,,
"Zimbabwe",2016,-1.56,,
"Zimbabwe",2017,0.91,,
"Zimbabwe",2018,10.61,,
"Zimbabwe",2019,255.29,,
"Zimbabwe",2020,557.21,,
"Zimbabwe",2021,98.55,,
"Zimbabwe",2022,193.4,,
