Economy_Label,Year,US_dollars_at_current_prices_in_millions_Value,US_dollars_at_current_prices_Footnote,US_dollars_at_current_prices_MissingValue
"Individual economies",2010,,,"Not applicable"
"Individual economies",2011,,,"Not applicable"
"Individual economies",2012,,,"Not applicable"
"Individual economies",2013,,,"Not applicable"
"Individual economies",2014,,,"Not applicable"
"Individual economies",2015,,,"Not applicable"
"Individual economies",2016,,,"Not applicable"
"Individual economies",2017,,,"Not applicable"
"Individual economies",2018,,,"Not applicable"
"Individual economies",2019,,,"Not applicable"
"Individual economies",2020,,,"Not applicable"
"Afghanistan",2010,14725,,
"Afghanistan",2011,17332,,
"Afghanistan",2012,19167,,
"Afghanistan",2013,19690,,
"Afghanistan",2014,19548,,
"Afghanistan",2015,18882,,
"Afghanistan",2016,18199,,
"Afghanistan",2017,19145,,
"Afghanistan",2018,18610,,
"Afghanistan",2019,19205,,
"Afghanistan",2020,19982,,
"Albania",2010,11808,,
"Albania",2011,12894,,
"Albania",2012,12228,,
"Albania",2013,12997,,
"Albania",2014,13350,,
"Albania",2015,11522,,
"Albania",2016,12054,,
"Albania",2017,13052,,
"Albania",2018,15138,,
"Albania",2019,15199,,
"Albania",2020,14651,,
"Algeria",2010,161125,,
"Algeria",2011,198277,,
"Algeria",2012,206880,,
"Algeria",2013,205998,,
"Algeria",2014,209329,,
"Algeria",2015,162135,,
"Algeria",2016,158865,,
"Algeria",2017,167910,,
"Algeria",2018,171267,,
"Algeria",2019,167258,,
"Algeria",2020,144324,,
"Andorra",2010,3447,,
"Andorra",2011,3624,,
"Andorra",2012,3189,,
"Andorra",2013,3193,,
"Andorra",2014,3267,,
"Andorra",2015,2789,,
"Andorra",2016,2895,,
"Andorra",2017,3000,,
"Andorra",2018,3218,,
"Andorra",2019,3155,,
"Andorra",2020,2864,,
"Angola",2010,75568,,
"Angola",2011,102081,,
"Angola",2012,117624,,
"Angola",2013,126783,,
"Angola",2014,136508,,
"Angola",2015,112638,,
"Angola",2016,95894,,
"Angola",2017,114534,,
"Angola",2018,93075,,
"Angola",2019,81508,,
"Angola",2020,57127,,
"Anguilla",2010,272,,
"Anguilla",2011,293,,
"Anguilla",2012,282,,
"Anguilla",2013,282,,
"Anguilla",2014,306,,
"Anguilla",2015,325,,
"Anguilla",2016,319,,
"Anguilla",2017,269,,
"Anguilla",2018,315,,
"Anguilla",2019,368,,
"Anguilla",2020,253,,
"Antigua and Barbuda",2010,1117,,
"Antigua and Barbuda",2011,1098,,
"Antigua and Barbuda",2012,1149,,
"Antigua and Barbuda",2013,1151,,
"Antigua and Barbuda",2014,1214,,
"Antigua and Barbuda",2015,1306,,
"Antigua and Barbuda",2016,1401,,
"Antigua and Barbuda",2017,1428,,
"Antigua and Barbuda",2018,1559,,
"Antigua and Barbuda",2019,1635,,
"Antigua and Barbuda",2020,1324,,
"Argentina",2010,411955,,
"Argentina",2011,515005,,
"Argentina",2012,567684,,
"Argentina",2013,600162,,
"Argentina",2014,555428,,
"Argentina",2015,632830,,
"Argentina",2016,545252,,
"Argentina",2017,627200,,
"Argentina",2018,498933,,
"Argentina",2019,427696,,
"Argentina",2020,367804,,
"Armenia",2010,10201,,
"Armenia",2011,11372,,
"Armenia",2012,11042,,
"Armenia",2013,11804,,
"Armenia",2014,12132,,
"Armenia",2015,10982,,
"Armenia",2016,10791,,
"Armenia",2017,11935,,
"Armenia",2018,12677,,
"Armenia",2019,13858,,
"Armenia",2020,12863,,
"Aruba",2010,2310,,
"Aruba",2011,2382,,
"Aruba",2012,2495,,
"Aruba",2013,2563,,
"Aruba",2014,2688,,
"Aruba",2015,2838,,
"Aruba",2016,2848,,
"Aruba",2017,2922,,
"Aruba",2018,2992,,
"Aruba",2019,3148,,
"Aruba",2020,2368,,
"Australia",2010,1247302,,
"Australia",2011,1499648,,
"Australia",2012,1551141,,
"Australia",2013,1502834,,
"Australia",2014,1434509,,
"Australia",2015,1218113,,
"Australia",2016,1274452,,
"Australia",2017,1371862,,
"Australia",2018,1412416,,
"Australia",2019,1351406,,
"Australia",2020,1383392,,
"Austria",2010,395171,,
"Austria",2011,432574,,
"Austria",2012,409839,,
"Austria",2013,431229,,
"Austria",2014,442579,,
"Austria",2015,378058,,
"Austria",2016,395539,,
"Austria",2017,413349,,
"Austria",2018,450713,,
"Austria",2019,443403,,
"Austria",2020,432771,,
"Azerbaijan",2010,49738,,
"Azerbaijan",2011,61441,,
"Azerbaijan",2012,65735,,
"Azerbaijan",2013,70472,,
"Azerbaijan",2014,73083,,
"Azerbaijan",2015,51379,,
"Azerbaijan",2016,35591,,
"Azerbaijan",2017,39322,,
"Azerbaijan",2018,44853,,
"Azerbaijan",2019,46319,,
"Azerbaijan",2020,42356,,
"Bahamas",2010,10083,,
"Bahamas",2011,10083,,
"Bahamas",2012,10441,,
"Bahamas",2013,10197,,
"Bahamas",2014,10707,,
"Bahamas",2015,11396,,
"Bahamas",2016,11437,,
"Bahamas",2017,11814,,
"Bahamas",2018,12003,,
"Bahamas",2019,12542,,
"Bahamas",2020,9375,,
"Bahrain",2010,23337,,
"Bahrain",2011,26248,,
"Bahrain",2012,29742,,
"Bahrain",2013,31344,,
"Bahrain",2014,31755,,
"Bahrain",2015,29315,,
"Bahrain",2016,30440,,
"Bahrain",2017,33484,,
"Bahrain",2018,35576,,
"Bahrain",2019,36213,,
"Bahrain",2020,31994,,
"Bangladesh",2010,123783,,
"Bangladesh",2011,133285,,
"Bangladesh",2012,139808,,
"Bangladesh",2013,165851,,
"Bangladesh",2014,184595,,
"Bangladesh",2015,207090,,
"Bangladesh",2016,233006,,
"Bangladesh",2017,256188,,
"Bangladesh",2018,281923,,
"Bangladesh",2019,314503,,
"Bangladesh",2020,345278,,
"Barbados",2010,4418,,
"Barbados",2011,4358,,
"Barbados",2012,4438,,
"Barbados",2013,4483,,
"Barbados",2014,4499,,
"Barbados",2015,4502,,
"Barbados",2016,4608,,
"Barbados",2017,4762,,
"Barbados",2018,4891,,
"Barbados",2019,5116,,
"Barbados",2020,4248,,
"Belarus",2010,56069,,
"Belarus",2011,61080,,
"Belarus",2012,64216,,
"Belarus",2013,72875,,
"Belarus",2014,76449,,
"Belarus",2015,54062,,
"Belarus",2016,45473,,
"Belarus",2017,52670,,
"Belarus",2018,57861,,
"Belarus",2019,62500,,
"Belarus",2020,57751,,
"Belgium",2010,488334,,
"Belgium",2011,523482,,
"Belgium",2012,507695,,
"Belgium",2013,534493,,
"Belgium",2014,545897,,
"Belgium",2015,468690,,
"Belgium",2016,480303,,
"Belgium",2017,507374,,
"Belgium",2018,548082,,
"Belgium",2019,540432,,
"Belgium",2020,527385,,
"Belize",2010,1248,,
"Belize",2011,1369,,
"Belize",2012,1410,,
"Belize",2013,1462,,
"Belize",2014,1538,,
"Belize",2015,1638,,
"Belize",2016,1686,,
"Belize",2017,1721,,
"Belize",2018,1709,,
"Belize",2019,1790,,
"Belize",2020,1443,,
"Benin",2010,6891,,
"Benin",2011,8232,,
"Benin",2012,8984,,
"Benin",2013,10772,,
"Benin",2014,12045,,
"Benin",2015,11215,,
"Benin",2016,11718,,
"Benin",2017,12561,,
"Benin",2018,14117,,
"Benin",2019,14248,,
"Benin",2020,15040,,
"Bermuda",2010,6639,,
"Bermuda",2011,6326,,
"Bermuda",2012,6522,,
"Bermuda",2013,6624,,
"Bermuda",2014,6513,,
"Bermuda",2015,6740,,
"Bermuda",2016,6940,,
"Bermuda",2017,7251,,
"Bermuda",2018,7264,,
"Bermuda",2019,7387,,
"Bermuda",2020,7619,,
"Bhutan",2010,1460,,
"Bhutan",2011,1663,,
"Bhutan",2012,1639,,
"Bhutan",2013,1633,,
"Bhutan",2014,1772,,
"Bhutan",2015,1861,,
"Bhutan",2016,1973,,
"Bhutan",2017,2238,,
"Bhutan",2018,2227,,
"Bhutan",2019,2301,,
"Bhutan",2020,2272,,
"Bolivia (Plurinational State of)",2010,18783,,
"Bolivia (Plurinational State of)",2011,22970,,
"Bolivia (Plurinational State of)",2012,25019,,
"Bolivia (Plurinational State of)",2013,28738,,
"Bolivia (Plurinational State of)",2014,31277,,
"Bolivia (Plurinational State of)",2015,31819,,
"Bolivia (Plurinational State of)",2016,33140,,
"Bolivia (Plurinational State of)",2017,36623,,
"Bolivia (Plurinational State of)",2018,39337,,
"Bolivia (Plurinational State of)",2019,39930,,
"Bolivia (Plurinational State of)",2020,35710,,
"Bosnia and Herzegovina",2010,17456,,
"Bosnia and Herzegovina",2011,18794,,
"Bosnia and Herzegovina",2012,17361,,
"Bosnia and Herzegovina",2013,18421,,
"Bosnia and Herzegovina",2014,18710,,
"Bosnia and Herzegovina",2015,16322,,
"Bosnia and Herzegovina",2016,16936,,
"Bosnia and Herzegovina",2017,17929,,
"Bosnia and Herzegovina",2018,20064,,
"Bosnia and Herzegovina",2019,20190,,
"Bosnia and Herzegovina",2020,19789,,
"Botswana",2010,12147,,
"Botswana",2011,15016,,
"Botswana",2012,14204,,
"Botswana",2013,14251,,
"Botswana",2014,15779,,
"Botswana",2015,13967,,
"Botswana",2016,14356,,
"Botswana",2017,16039,,
"Botswana",2018,17081,,
"Botswana",2019,16969,,
"Botswana",2020,14584,,
"Brazil",2010,2140607,,
"Brazil",2011,2548929,,
"Brazil",2012,2403720,,
"Brazil",2013,2438459,,
"Brazil",2014,2410277,,
"Brazil",2015,1768300,,
"Brazil",2016,1757597,,
"Brazil",2017,2024937,,
"Brazil",2018,1863631,,
"Brazil",2019,1835497,,
"Brazil",2020,1417069,,
"British Virgin Islands",2010,1018,,
"British Virgin Islands",2011,976,,
"British Virgin Islands",2012,1013,,
"British Virgin Islands",2013,1033,,
"British Virgin Islands",2014,1095,,
"British Virgin Islands",2015,1167,,
"British Virgin Islands",2016,1280,,
"British Virgin Islands",2017,1192,,
"British Virgin Islands",2018,1262,,
"British Virgin Islands",2019,1313,,
"British Virgin Islands",2020,1362,,
"Brunei Darussalam",2010,13607,,
"Brunei Darussalam",2011,18027,,
"Brunei Darussalam",2012,18591,,
"Brunei Darussalam",2013,17894,,
"Brunei Darussalam",2014,17083,,
"Brunei Darussalam",2015,13581,,
"Brunei Darussalam",2016,12235,,
"Brunei Darussalam",2017,12849,,
"Brunei Darussalam",2018,13651,,
"Brunei Darussalam",2019,13830,,
"Brunei Darussalam",2020,12521,,
"Bulgaria",2010,49556,,
"Bulgaria",2011,55616,,
"Bulgaria",2012,53179,,
"Bulgaria",2013,54329,,
"Bulgaria",2014,56323,,
"Bulgaria",2015,49192,,
"Bulgaria",2016,53101,,
"Bulgaria",2017,58986,,
"Bulgaria",2018,64212,,
"Bulgaria",2019,66967,,
"Bulgaria",2020,68558,,
"Burkina Faso",2010,9835,,
"Burkina Faso",2011,11620,,
"Burkina Faso",2012,12315,,
"Burkina Faso",2013,13158,,
"Burkina Faso",2014,13368,,
"Burkina Faso",2015,11285,,
"Burkina Faso",2016,12262,,
"Burkina Faso",2017,13577,,
"Burkina Faso",2018,15512,,
"Burkina Faso",2019,15445,,
"Burkina Faso",2020,16776,,
"Burundi",2010,2021,,
"Burundi",2011,2482,,
"Burundi",2012,2773,,
"Burundi",2013,2845,,
"Burundi",2014,3021,,
"Burundi",2015,3110,,
"Burundi",2016,3120,,
"Burundi",2017,3293,,
"Burundi",2018,3324,,
"Burundi",2019,3377,,
"Burundi",2020,3417,,
"Cabo Verde",2010,1589,,
"Cabo Verde",2011,1794,,
"Cabo Verde",2012,1677,,
"Cabo Verde",2013,1786,,
"Cabo Verde",2014,1766,,
"Cabo Verde",2015,1537,,
"Cabo Verde",2016,1603,,
"Cabo Verde",2017,1709,,
"Cabo Verde",2018,1920,,
"Cabo Verde",2019,1939,,
"Cabo Verde",2020,1667,,
"Cambodia",2010,10728,,
"Cambodia",2011,12229,,
"Cambodia",2012,13310,,
"Cambodia",2013,14787,,
"Cambodia",2014,15897,,
"Cambodia",2015,16945,,
"Cambodia",2016,18788,,
"Cambodia",2017,20800,,
"Cambodia",2018,22915,,
"Cambodia",2019,25534,,
"Cambodia",2020,23831,,
"Cameroon",2010,26706,,
"Cameroon",2011,28013,,
"Cameroon",2012,29106,,
"Cameroon",2013,31407,,
"Cameroon",2014,34653,,
"Cameroon",2015,30469,,
"Cameroon",2016,32085,,
"Cameroon",2017,34348,,
"Cameroon",2018,37954,,
"Cameroon",2019,38260,,
"Cameroon",2020,39294,,
"Canada",2010,1585303,,
"Canada",2011,1758969,,
"Canada",2012,1796237,,
"Canada",2013,1819073,,
"Canada",2014,1774391,,
"Canada",2015,1532290,,
"Canada",2016,1509573,,
"Canada",2017,1628542,,
"Canada",2018,1692830,,
"Canada",2019,1719170,,
"Canada",2020,1626425,,
"Cayman Islands",2010,2642,,
"Cayman Islands",2011,2675,,
"Cayman Islands",2012,2697,,
"Cayman Islands",2013,2769,,
"Cayman Islands",2014,2926,,
"Cayman Islands",2015,2838,,
"Cayman Islands",2016,3153,,
"Cayman Islands",2017,3517,,
"Cayman Islands",2018,3853,,
"Cayman Islands",2019,4493,,
"Cayman Islands",2020,4425,,
"Central African Republic",2010,2150,,
"Central African Republic",2011,2445,,
"Central African Republic",2012,2521,,
"Central African Republic",2013,1706,,
"Central African Republic",2014,1912,,
"Central African Republic",2015,1716,,
"Central African Republic",2016,1848,,
"Central African Republic",2017,2178,,
"Central African Republic",2018,2387,,
"Central African Republic",2019,2385,,
"Central African Republic",2020,2478,,
"Chad",2010,10452,,
"Chad",2011,12619,,
"Chad",2012,13665,,
"Chad",2013,13177,,
"Chad",2014,13871,,
"Chad",2015,11336,,
"Chad",2016,10201,,
"Chad",2017,10258,,
"Chad",2018,11206,,
"Chad",2019,11098,,
"Chad",2020,10994,,
"Chile",2010,203115,,
"Chile",2011,234267,,
"Chile",2012,253148,,
"Chile",2013,264303,,
"Chile",2014,250559,,
"Chile",2015,236571,,
"Chile",2016,242625,,
"Chile",2017,265577,,
"Chile",2018,284105,,
"Chile",2019,269286,,
"Chile",2020,242005,,
"China",2010,6061120,,
"China",2011,7481169,,
"China",2012,8512369,,
"China",2013,9492642,,
"China",2014,10451776,,
"China",2015,10973765,,
"China",2016,11093031,,
"China",2017,12300804,,
"China",2018,13820027,,
"China",2019,14246152,,
"China",2020,14623751,,
"China, Hong Kong SAR",2010,233478,,
"China, Hong Kong SAR",2011,255300,,
"China, Hong Kong SAR",2012,266426,,
"China, Hong Kong SAR",2013,280921,,
"China, Hong Kong SAR",2014,297471,,
"China, Hong Kong SAR",2015,315110,,
"China, Hong Kong SAR",2016,328903,,
"China, Hong Kong SAR",2017,356069,,
"China, Hong Kong SAR",2018,378891,,
"China, Hong Kong SAR",2019,384049,,
"China, Hong Kong SAR",2020,368578,,
"China, Macao SAR",2010,24910,,
"China, Macao SAR",2011,31539,,
"China, Macao SAR",2012,36352,,
"China, Macao SAR",2013,42783,,
"China, Macao SAR",2014,46127,,
"China, Macao SAR",2015,40248,,
"China, Macao SAR",2016,40653,,
"China, Macao SAR",2017,44914,,
"China, Macao SAR",2018,48936,,
"China, Macao SAR",2019,48828,,
"China, Macao SAR",2020,21542,,
"China, Taiwan Province of",2010,457417,,
"China, Taiwan Province of",2011,496601,,
"China, Taiwan Province of",2012,510203,,
"China, Taiwan Province of",2013,526463,,
"China, Taiwan Province of",2014,549786,,
"China, Taiwan Province of",2015,548294,,
"China, Taiwan Province of",2016,557037,,
"China, Taiwan Province of",2017,605429,,
"China, Taiwan Province of",2018,622950,,
"China, Taiwan Province of",2019,627574,,
"China, Taiwan Province of",2020,688409,,
"Colombia",2010,276075,,
"Colombia",2011,320621,,
"Colombia",2012,356797,,
"Colombia",2013,368706,,
"Colombia",2014,369788,,
"Colombia",2015,289331,,
"Colombia",2016,279763,,
"Colombia",2017,306185,,
"Colombia",2018,325604,,
"Colombia",2019,316299,,
"Colombia",2020,265364,,
"Comoros",2010,906,,
"Comoros",2011,1020,,
"Comoros",2012,1013,,
"Comoros",2013,1116,,
"Comoros",2014,1151,,
"Comoros",2015,969,,
"Comoros",2016,1017,,
"Comoros",2017,1083,,
"Comoros",2018,1196,,
"Comoros",2019,1198,,
"Comoros",2020,1243,,
"Congo",2010,12714,,
"Congo",2011,14799,,
"Congo",2012,16737,,
"Congo",2013,17542,,
"Congo",2014,18020,,
"Congo",2015,11686,,
"Congo",2016,9762,,
"Congo",2017,9467,,
"Congo",2018,11382,,
"Congo",2019,9828,,
"Congo",2020,8642,,
"Congo, Dem. Rep. of the",2010,20520,,
"Congo, Dem. Rep. of the",2011,24742,,
"Congo, Dem. Rep. of the",2012,28259,,
"Congo, Dem. Rep. of the",2013,29792,,
"Congo, Dem. Rep. of the",2014,35306,,
"Congo, Dem. Rep. of the",2015,37111,,
"Congo, Dem. Rep. of the",2016,39611,,
"Congo, Dem. Rep. of the",2017,36964,,
"Congo, Dem. Rep. of the",2018,46297,,
"Congo, Dem. Rep. of the",2019,46467,,
"Congo, Dem. Rep. of the",2020,44492,,
"Cook Islands",2010,241,,
"Cook Islands",2011,272,,
"Cook Islands",2012,299,,
"Cook Islands",2013,289,,
"Cook Islands",2014,319,,
"Cook Islands",2015,302,,
"Cook Islands",2016,310,,
"Cook Islands",2017,346,,
"Cook Islands",2018,363,,
"Cook Islands",2019,357,,
"Cook Islands",2020,283,,
"Costa Rica",2010,36450,,
"Costa Rica",2011,41322,,
"Costa Rica",2012,45751,,
"Costa Rica",2013,49094,,
"Costa Rica",2014,49869,,
"Costa Rica",2015,54027,,
"Costa Rica",2016,56365,,
"Costa Rica",2017,57353,,
"Costa Rica",2018,59010,,
"Costa Rica",2019,60212,,
"Costa Rica",2020,58036,,
"Cote d'Ivoire",2010,25299,,
"Cote d'Ivoire",2011,27494,,
"Cote d'Ivoire",2012,30412,,
"Cote d'Ivoire",2013,37686,,
"Cote d'Ivoire",2014,45064,,
"Cote d'Ivoire",2015,44773,,
"Cote d'Ivoire",2016,46888,,
"Cote d'Ivoire",2017,50052,,
"Cote d'Ivoire",2018,55809,,
"Cote d'Ivoire",2019,56976,,
"Cote d'Ivoire",2020,59385,,
"Croatia",2010,58558,,
"Croatia",2011,61361,,
"Croatia",2012,55295,,
"Croatia",2013,57670,,
"Croatia",2014,57339,,
"Croatia",2015,50266,,
"Croatia",2016,51197,,
"Croatia",2017,55924,,
"Croatia",2018,61854,,
"Croatia",2019,62139,,
"Croatia",2020,57105,,
"Cuba",2010,62896,,
"Cuba",2011,68439,,
"Cuba",2012,72146,,
"Cuba",2013,76226,,
"Cuba",2014,79602,,
"Cuba",2015,86086,,
"Cuba",2016,90086,,
"Cuba",2017,95497,,
"Cuba",2018,98651,,
"Cuba",2019,101982,,
"Cuba",2020,105851,,
"Curacao",2010,,,"Not applicable"
"Curacao",2011,3025,,
"Curacao",2012,3088,,
"Curacao",2013,3094,,
"Curacao",2014,3131,,
"Curacao",2015,3153,,
"Curacao",2016,3102,,
"Curacao",2017,3226,,
"Curacao",2018,3233,,
"Curacao",2019,3233,,
"Curacao",2020,3234,,
"Cyprus",2010,25340,,
"Cyprus",2011,28254,,
"Cyprus",2012,24806,,
"Cyprus",2013,23610,,
"Cyprus",2014,22508,,
"Cyprus",2015,19705,,
"Cyprus",2016,20104,,
"Cyprus",2017,22124,,
"Cyprus",2018,24548,,
"Cyprus",2019,24556,,
"Cyprus",2020,23189,,
"Czechia",2010,193418,,
"Czechia",2011,211036,,
"Czechia",2012,195428,,
"Czechia",2013,198240,,
"Czechia",2014,194987,,
"Czechia",2015,175137,,
"Czechia",2016,183031,,
"Czechia",2017,206251,,
"Czechia",2018,235281,,
"Czechia",2019,237234,,
"Czechia",2020,236797,,
"Czechoslovakia",2010,,,"Not applicable"
"Czechoslovakia",2011,,,"Not applicable"
"Czechoslovakia",2012,,,"Not applicable"
"Czechoslovakia",2013,,,"Not applicable"
"Czechoslovakia",2014,,,"Not applicable"
"Czechoslovakia",2015,,,"Not applicable"
"Czechoslovakia",2016,,,"Not applicable"
"Czechoslovakia",2017,,,"Not applicable"
"Czechoslovakia",2018,,,"Not applicable"
"Czechoslovakia",2019,,,"Not applicable"
"Czechoslovakia",2020,,,"Not applicable"
"Denmark",2010,327262,,
"Denmark",2011,351257,,
"Denmark",2012,334536,,
"Denmark",2013,354464,,
"Denmark",2014,365834,,
"Denmark",2015,311964,,
"Denmark",2016,320813,,
"Denmark",2017,339391,,
"Denmark",2018,366755,,
"Denmark",2019,357604,,
"Denmark",2020,368106,,
"Djibouti",2010,1358,,
"Djibouti",2011,1587,,
"Djibouti",2012,1861,,
"Djibouti",2013,2094,,
"Djibouti",2014,2321,,
"Djibouti",2015,2591,,
"Djibouti",2016,2761,,
"Djibouti",2017,2890,,
"Djibouti",2018,3021,,
"Djibouti",2019,3077,,
"Djibouti",2020,3327,,
"Dominica",2010,484,,
"Dominica",2011,490,,
"Dominica",2012,476,,
"Dominica",2013,489,,
"Dominica",2014,511,,
"Dominica",2015,519,,
"Dominica",2016,559,,
"Dominica",2017,486,,
"Dominica",2018,552,,
"Dominica",2019,601,,
"Dominica",2020,522,,
"Dominican Republic",2010,51257,,
"Dominican Republic",2011,55565,,
"Dominican Republic",2012,58259,,
"Dominican Republic",2013,59689,,
"Dominican Republic",2014,63923,,
"Dominican Republic",2015,68219,,
"Dominican Republic",2016,72429,,
"Dominican Republic",2017,76204,,
"Dominican Republic",2018,81710,,
"Dominican Republic",2019,84666,,
"Dominican Republic",2020,75055,,
"Ecuador",2010,68569,,
"Ecuador",2011,78068,,
"Ecuador",2012,86587,,
"Ecuador",2013,93662,,
"Ecuador",2014,100144,,
"Ecuador",2015,97501,,
"Ecuador",2016,98029,,
"Ecuador",2017,101858,,
"Ecuador",2018,104605,,
"Ecuador",2019,104935,,
"Ecuador",2020,95951,,
"Egypt",2010,213495,,
"Egypt",2011,227667,,
"Egypt",2012,273946,,
"Egypt",2013,266462,,
"Egypt",2014,298138,,
"Egypt",2015,315320,,
"Egypt",2016,268606,,
"Egypt",2017,191354,,
"Egypt",2018,243471,,
"Egypt",2019,305831,,
"Egypt",2020,357760,,
"El Salvador",2010,17910,,
"El Salvador",2011,19666,,
"El Salvador",2012,20516,,
"El Salvador",2013,21001,,
"El Salvador",2014,21558,,
"El Salvador",2015,22346,,
"El Salvador",2016,22945,,
"El Salvador",2017,23592,,
"El Salvador",2018,24551,,
"El Salvador",2019,25559,,
"El Salvador",2020,23325,,
"Equatorial Guinea",2010,9533,,
"Equatorial Guinea",2011,13544,,
"Equatorial Guinea",2012,15317,,
"Equatorial Guinea",2013,16575,,
"Equatorial Guinea",2014,17578,,
"Equatorial Guinea",2015,11357,,
"Equatorial Guinea",2016,9844,,
"Equatorial Guinea",2017,10652,,
"Equatorial Guinea",2018,11356,,
"Equatorial Guinea",2019,9831,,
"Equatorial Guinea",2020,8980,,
"Eritrea",2010,1570,,
"Eritrea",2011,2041,,
"Eritrea",2012,2229,,
"Eritrea",2013,1936,,
"Eritrea",2014,2575,,
"Eritrea",2015,1990,,
"Eritrea",2016,2149,,
"Eritrea",2017,1882,,
"Eritrea",2018,1983,,
"Eritrea",2019,1959,,
"Eritrea",2020,2060,,
"Estonia",2010,18485,,
"Estonia",2011,22000,,
"Estonia",2012,22066,,
"Estonia",2013,24500,,
"Estonia",2014,25842,,
"Estonia",2015,22379,,
"Estonia",2016,23521,,
"Estonia",2017,26262,,
"Estonia",2018,29849,,
"Estonia",2019,30467,,
"Estonia",2020,30368,,
"Eswatini",2010,4213,,
"Eswatini",2011,4528,,
"Eswatini",2012,4571,,
"Eswatini",2013,4400,,
"Eswatini",2014,4235,,
"Eswatini",2015,3899,,
"Eswatini",2016,3611,,
"Eswatini",2017,4107,,
"Eswatini",2018,4345,,
"Eswatini",2019,4018,,
"Eswatini",2020,3631,,
"Ethiopia",2010,26262,,
"Ethiopia",2011,29881,,
"Ethiopia",2012,41512,,
"Ethiopia",2013,47658,,
"Ethiopia",2014,55434,,
"Ethiopia",2015,64476,,
"Ethiopia",2016,71922,,
"Ethiopia",2017,76338,,
"Ethiopia",2018,79851,,
"Ethiopia",2019,91993,,
"Ethiopia",2020,96088,,
"Ethiopia (...1991)",2010,,,"Not applicable"
"Ethiopia (...1991)",2011,,,"Not applicable"
"Ethiopia (...1991)",2012,,,"Not applicable"
"Ethiopia (...1991)",2013,,,"Not applicable"
"Ethiopia (...1991)",2014,,,"Not applicable"
"Ethiopia (...1991)",2015,,,"Not applicable"
"Ethiopia (...1991)",2016,,,"Not applicable"
"Ethiopia (...1991)",2017,,,"Not applicable"
"Ethiopia (...1991)",2018,,,"Not applicable"
"Ethiopia (...1991)",2019,,,"Not applicable"
"Ethiopia (...1991)",2020,,,"Not applicable"
"Fiji",2010,3043,,
"Fiji",2011,3659,,
"Fiji",2012,3825,,
"Fiji",2013,4108,,
"Fiji",2014,4632,,
"Fiji",2015,4398,,
"Fiji",2016,4658,,
"Fiji",2017,4930,,
"Fiji",2018,5222,,
"Fiji",2019,5046,,
"Fiji",2020,4115,,
"Finland",2010,252405,,
"Finland",2011,276297,,
"Finland",2012,259513,,
"Finland",2013,272399,,
"Finland",2014,277245,,
"Finland",2015,236746,,
"Finland",2016,241703,,
"Finland",2017,255776,,
"Finland",2018,276823,,
"Finland",2019,270142,,
"Finland",2020,274361,,
"France",2010,2709143,,
"France",2011,2943560,,
"France",2012,2748249,,
"France",2013,2880597,,
"France",2014,2921044,,
"France",2015,2497122,,
"France",2016,2530031,,
"France",2017,2660236,,
"France",2018,2862856,,
"France",2019,2794800,,
"France",2020,2678630,,
"French Polynesia",2010,6081,,
"French Polynesia",2011,6196,,
"French Polynesia",2012,5693,,
"French Polynesia",2013,6030,,
"French Polynesia",2014,6144,,
"French Polynesia",2015,5324,,
"French Polynesia",2016,5493,,
"French Polynesia",2017,5833,,
"French Polynesia",2018,6298,,
"French Polynesia",2019,6166,,
"French Polynesia",2020,5817,,
"Gabon",2010,12472,,
"Gabon",2011,16920,,
"Gabon",2012,15605,,
"Gabon",2013,15428,,
"Gabon",2014,16222,,
"Gabon",2015,13168,,
"Gabon",2016,12935,,
"Gabon",2017,13986,,
"Gabon",2018,15760,,
"Gabon",2019,15511,,
"Gabon",2020,14055,,
"Gambia",2010,1513,,
"Gambia",2011,1378,,
"Gambia",2012,1386,,
"Gambia",2013,1346,,
"Gambia",2014,1200,,
"Gambia",2015,1345,,
"Gambia",2016,1440,,
"Gambia",2017,1477,,
"Gambia",2018,1641,,
"Gambia",2019,1776,,
"Gambia",2020,1795,,
"Georgia",2010,12026,,
"Georgia",2011,14682,,
"Georgia",2012,16316,,
"Georgia",2013,16873,,
"Georgia",2014,17398,,
"Georgia",2015,14615,,
"Georgia",2016,14440,,
"Georgia",2017,15447,,
"Georgia",2018,16915,,
"Georgia",2019,16699,,
"Georgia",2020,15137,,
"Germany",2010,3464482,,
"Germany",2011,3840293,,
"Germany",2012,3611979,,
"Germany",2013,3819178,,
"Germany",2014,3961736,,
"Germany",2015,3432720,,
"Germany",2016,3553517,,
"Germany",2017,3778789,,
"Germany",2018,4105202,,
"Germany",2019,4014394,,
"Germany",2020,3953466,,
"Germany, Federal Republic of",2010,,,"Not applicable"
"Germany, Federal Republic of",2011,,,"Not applicable"
"Germany, Federal Republic of",2012,,,"Not applicable"
"Germany, Federal Republic of",2013,,,"Not applicable"
"Germany, Federal Republic of",2014,,,"Not applicable"
"Germany, Federal Republic of",2015,,,"Not applicable"
"Germany, Federal Republic of",2016,,,"Not applicable"
"Germany, Federal Republic of",2017,,,"Not applicable"
"Germany, Federal Republic of",2018,,,"Not applicable"
"Germany, Federal Republic of",2019,,,"Not applicable"
"Germany, Federal Republic of",2020,,,"Not applicable"
"Ghana",2010,41883,,
"Ghana",2011,50740,,
"Ghana",2012,52693,,
"Ghana",2013,62342,,
"Ghana",2014,52948,,
"Ghana",2015,49371,,
"Ghana",2016,55095,,
"Ghana",2017,58799,,
"Ghana",2018,65957,,
"Ghana",2019,66867,,
"Ghana",2020,67042,,
"Greece",2010,290269,,
"Greece",2011,274791,,
"Greece",2012,244068,,
"Greece",2013,238831,,
"Greece",2014,236671,,
"Greece",2015,195446,,
"Greece",2016,192077,,
"Greece",2017,198843,,
"Greece",2018,209712,,
"Greece",2019,203279,,
"Greece",2020,188029,,
"Greenland",2010,2440,,
"Greenland",2011,2606,,
"Greenland",2012,2539,,
"Greenland",2013,2614,,
"Greenland",2014,2766,,
"Greenland",2015,2432,,
"Greenland",2016,2633,,
"Greenland",2017,2775,,
"Greenland",2018,2959,,
"Greenland",2019,2902,,
"Greenland",2020,3046,,
"Grenada",2010,731,,
"Grenada",2011,747,,
"Grenada",2012,766,,
"Grenada",2013,813,,
"Grenada",2014,832,,
"Grenada",2015,885,,
"Grenada",2016,962,,
"Grenada",2017,1021,,
"Grenada",2018,1056,,
"Grenada",2019,1097,,
"Grenada",2020,941,,
"Guatemala",2010,39487,,
"Guatemala",2011,45270,,
"Guatemala",2012,48310,,
"Guatemala",2013,51764,,
"Guatemala",2014,56335,,
"Guatemala",2015,60693,,
"Guatemala",2016,64707,,
"Guatemala",2017,70129,,
"Guatemala",2018,71702,,
"Guatemala",2019,75605,,
"Guatemala",2020,76179,,
"Guinea",2010,6770,,
"Guinea",2011,6812,,
"Guinea",2012,7233,,
"Guinea",2013,7794,,
"Guinea",2014,8495,,
"Guinea",2015,8691,,
"Guinea",2016,7304,,
"Guinea",2017,10274,,
"Guinea",2018,11448,,
"Guinea",2019,12854,,
"Guinea",2020,14165,,
"Guinea-Bissau",2010,845,,
"Guinea-Bissau",2011,1105,,
"Guinea-Bissau",2012,995,,
"Guinea-Bissau",2013,1026,,
"Guinea-Bissau",2014,1091,,
"Guinea-Bissau",2015,1073,,
"Guinea-Bissau",2016,1209,,
"Guinea-Bissau",2017,1353,,
"Guinea-Bissau",2018,1335,,
"Guinea-Bissau",2019,1350,,
"Guinea-Bissau",2020,1337,,
"Guyana",2010,3452,,
"Guyana",2011,3678,,
"Guyana",2012,4061,,
"Guyana",2013,4128,,
"Guyana",2014,4322,,
"Guyana",2015,4444,,
"Guyana",2016,4810,,
"Guyana",2017,5041,,
"Guyana",2018,5135,,
"Guyana",2019,5725,,
"Guyana",2020,5857,,
"Haiti",2010,11834,,
"Haiti",2011,12972,,
"Haiti",2012,13642,,
"Haiti",2013,14417,,
"Haiti",2014,14644,,
"Haiti",2015,14267,,
"Haiti",2016,13380,,
"Haiti",2017,15300,,
"Haiti",2018,15872,,
"Haiti",2019,14055,,
"Haiti",2020,15538,,
"Honduras",2010,15110,,
"Honduras",2011,16769,,
"Honduras",2012,17247,,
"Honduras",2013,17196,,
"Honduras",2014,18169,,
"Honduras",2015,19550,,
"Honduras",2016,20197,,
"Honduras",2017,21721,,
"Honduras",2018,22173,,
"Honduras",2019,23175,,
"Honduras",2020,22201,,
"Hungary",2010,126010,,
"Hungary",2011,135126,,
"Hungary",2012,123404,,
"Hungary",2013,131786,,
"Hungary",2014,134714,,
"Hungary",2015,119219,,
"Hungary",2016,125167,,
"Hungary",2017,137346,,
"Hungary",2018,154298,,
"Hungary",2019,159224,,
"Hungary",2020,151621,,
"Iceland",2010,11617,,
"Iceland",2011,13395,,
"Iceland",2012,13417,,
"Iceland",2013,15932,,
"Iceland",2014,17611,,
"Iceland",2015,17463,,
"Iceland",2016,21166,,
"Iceland",2017,24849,,
"Iceland",2018,26546,,
"Iceland",2019,25376,,
"Iceland",2020,22259,,
"India",2010,1651729,,
"India",2011,1855457,,
"India",2012,1839027,,
"India",2013,1893182,,
"India",2014,2018782,,
"India",2015,2121852,,
"India",2016,2264339,,
"India",2017,2595949,,
"India",2018,2731758,,
"India",2019,2862526,,
"India",2020,2635927,,
"Indonesia",2010,722008,,
"Indonesia",2011,847117,,
"Indonesia",2012,872179,,
"Indonesia",2013,867397,,
"Indonesia",2014,843267,,
"Indonesia",2015,832299,,
"Indonesia",2016,902045,,
"Indonesia",2017,983433,,
"Indonesia",2018,1011213,,
"Indonesia",2019,1085070,,
"Indonesia",2020,1029919,,
"Indonesia (...2002)",2010,,,"Not applicable"
"Indonesia (...2002)",2011,,,"Not applicable"
"Indonesia (...2002)",2012,,,"Not applicable"
"Indonesia (...2002)",2013,,,"Not applicable"
"Indonesia (...2002)",2014,,,"Not applicable"
"Indonesia (...2002)",2015,,,"Not applicable"
"Indonesia (...2002)",2016,,,"Not applicable"
"Indonesia (...2002)",2017,,,"Not applicable"
"Indonesia (...2002)",2018,,,"Not applicable"
"Indonesia (...2002)",2019,,,"Not applicable"
"Indonesia (...2002)",2020,,,"Not applicable"
"Iran (Islamic Republic of)",2010,524187,,
"Iran (Islamic Republic of)",2011,650049,,
"Iran (Islamic Republic of)",2012,652725,,
"Iran (Islamic Republic of)",2013,581219,,
"Iran (Islamic Republic of)",2014,474826,,
"Iran (Islamic Republic of)",2015,417521,,
"Iran (Islamic Republic of)",2016,466621,,
"Iran (Islamic Republic of)",2017,504327,,
"Iran (Islamic Republic of)",2018,528889,,
"Iran (Islamic Republic of)",2019,653639,,
"Iran (Islamic Republic of)",2020,886837,,
"Iraq",2010,118729,,
"Iraq",2011,163604,,
"Iraq",2012,186977,,
"Iraq",2013,206618,,
"Iraq",2014,197842,,
"Iraq",2015,155487,,
"Iraq",2016,156258,,
"Iraq",2017,173917,,
"Iraq",2018,209259,,
"Iraq",2019,215561,,
"Iraq",2020,164934,,
"Ireland",2010,185645,,
"Ireland",2011,193721,,
"Ireland",2012,181882,,
"Ireland",2013,200925,,
"Ireland",2014,218341,,
"Ireland",2015,224033,,
"Ireland",2016,243320,,
"Ireland",2017,266317,,
"Ireland",2018,298216,,
"Ireland",2019,309766,,
"Ireland",2020,324081,,
"Israel",2010,230314,,
"Israel",2011,258770,,
"Israel",2012,251793,,
"Israel",2013,288219,,
"Israel",2014,309067,,
"Israel",2015,297504,,
"Israel",2016,316136,,
"Israel",2017,353488,,
"Israel",2018,373367,,
"Israel",2019,395686,,
"Israel",2020,402948,,
"Italy",2010,2129496,,
"Italy",2011,2286194,,
"Italy",2012,2084526,,
"Italy",2013,2137604,,
"Italy",2014,2159322,,
"Italy",2015,1823207,,
"Italy",2016,1881183,,
"Italy",2017,1972735,,
"Italy",2018,2115037,,
"Italy",2019,2026751,,
"Italy",2020,1911917,,
"Jamaica",2010,12726,,
"Jamaica",2011,13926,,
"Jamaica",2012,14584,,
"Jamaica",2013,13921,,
"Jamaica",2014,13533,,
"Jamaica",2015,13681,,
"Jamaica",2016,13399,,
"Jamaica",2017,14307,,
"Jamaica",2018,14991,,
"Jamaica",2019,15339,,
"Jamaica",2020,13182,,
"Japan",2010,5847341,,
"Japan",2011,6331880,,
"Japan",2012,6369372,,
"Japan",2013,5328796,,
"Japan",2014,5024973,,
"Japan",2015,4558091,,
"Japan",2016,5088187,,
"Japan",2017,5040348,,
"Japan",2018,5135479,,
"Japan",2019,5252426,,
"Japan",2020,5156421,,
"Jordan",2010,26919,,
"Jordan",2011,29260,,
"Jordan",2012,31247,,
"Jordan",2013,34116,,
"Jordan",2014,36431,,
"Jordan",2015,38154,,
"Jordan",2016,39587,,
"Jordan",2017,41203,,
"Jordan",2018,42733,,
"Jordan",2019,44510,,
"Jordan",2020,43705,,
"Kazakhstan",2010,128676,,
"Kazakhstan",2011,164903,,
"Kazakhstan",2012,179895,,
"Kazakhstan",2013,211486,,
"Kazakhstan",2014,198777,,
"Kazakhstan",2015,173350,,
"Kazakhstan",2016,124272,,
"Kazakhstan",2017,148433,,
"Kazakhstan",2018,157201,,
"Kazakhstan",2019,158691,,
"Kazakhstan",2020,149445,,
"Kenya",2010,35093,,
"Kenya",2011,45867,,
"Kenya",2012,54942,,
"Kenya",2013,59768,,
"Kenya",2014,66440,,
"Kenya",2015,69308,,
"Kenya",2016,73805,,
"Kenya",2017,80527,,
"Kenya",2018,90811,,
"Kenya",2019,98945,,
"Kenya",2020,99326,,
"Kiribati",2010,228,,
"Kiribati",2011,252,,
"Kiribati",2012,287,,
"Kiribati",2013,304,,
"Kiribati",2014,336,,
"Kiribati",2015,351,,
"Kiribati",2016,318,,
"Kiribati",2017,359,,
"Kiribati",2018,367,,
"Kiribati",2019,373,,
"Kiribati",2020,338,,
"Korea, Dem. People's Rep. of",2010,13960,,
"Korea, Dem. People's Rep. of",2011,15719,,
"Korea, Dem. People's Rep. of",2012,15962,,
"Korea, Dem. People's Rep. of",2013,16602,,
"Korea, Dem. People's Rep. of",2014,17462,,
"Korea, Dem. People's Rep. of",2015,16386,,
"Korea, Dem. People's Rep. of",2016,16834,,
"Korea, Dem. People's Rep. of",2017,17403,,
"Korea, Dem. People's Rep. of",2018,17517,,
"Korea, Dem. People's Rep. of",2019,16480,,
"Korea, Dem. People's Rep. of",2020,16003,,
"Korea, Republic of",2010,1145776,,
"Korea, Republic of",2011,1260981,,
"Korea, Republic of",2012,1291796,,
"Korea, Republic of",2013,1379532,,
"Korea, Republic of",2014,1491502,,
"Korea, Republic of",2015,1470358,,
"Korea, Republic of",2016,1505596,,
"Korea, Republic of",2017,1630521,,
"Korea, Republic of",2018,1731702,,
"Korea, Republic of",2019,1665474,,
"Korea, Republic of",2020,1650493,,
"Kuwait",2010,124837,,
"Kuwait",2011,163027,,
"Kuwait",2012,183196,,
"Kuwait",2013,187422,,
"Kuwait",2014,178298,,
"Kuwait",2015,127279,,
"Kuwait",2016,122184,,
"Kuwait",2017,128910,,
"Kuwait",2018,145469,,
"Kuwait",2019,142642,,
"Kuwait",2020,114332,,
"Kyrgyzstan",2010,4453,,
"Kyrgyzstan",2011,5666,,
"Kyrgyzstan",2012,6436,,
"Kyrgyzstan",2013,6921,,
"Kyrgyzstan",2014,7240,,
"Kyrgyzstan",2015,6430,,
"Kyrgyzstan",2016,6459,,
"Kyrgyzstan",2017,7323,,
"Kyrgyzstan",2018,8020,,
"Kyrgyzstan",2019,8092,,
"Kyrgyzstan",2020,7056,,
"Lao People's Dem. Rep.",2010,6850,,
"Lao People's Dem. Rep.",2011,8149,,
"Lao People's Dem. Rep.",2012,9583,,
"Lao People's Dem. Rep.",2013,11300,,
"Lao People's Dem. Rep.",2014,12683,,
"Lao People's Dem. Rep.",2015,13750,,
"Lao People's Dem. Rep.",2016,15126,,
"Lao People's Dem. Rep.",2017,16170,,
"Lao People's Dem. Rep.",2018,17295,,
"Lao People's Dem. Rep.",2019,17866,,
"Lao People's Dem. Rep.",2020,18192,,
"Latvia",2010,24205,,
"Latvia",2011,27682,,
"Latvia",2012,27978,,
"Latvia",2013,30133,,
"Latvia",2014,31385,,
"Latvia",2015,27124,,
"Latvia",2016,28024,,
"Latvia",2017,30407,,
"Latvia",2018,33871,,
"Latvia",2019,33796,,
"Latvia",2020,33699,,
"Lebanon",2010,37017,,
"Lebanon",2011,39688,,
"Lebanon",2012,43832,,
"Lebanon",2013,46691,,
"Lebanon",2014,47556,,
"Lebanon",2015,49557,,
"Lebanon",2016,50572,,
"Lebanon",2017,53116,,
"Lebanon",2018,54166,,
"Lebanon",2019,52285,,
"Lebanon",2020,61823,,
"Lesotho",2010,2872,,
"Lesotho",2011,3089,,
"Lesotho",2012,2893,,
"Lesotho",2013,2717,,
"Lesotho",2014,2720,,
"Lesotho",2015,2639,,
"Lesotho",2016,2401,,
"Lesotho",2017,2618,,
"Lesotho",2018,2862,,
"Lesotho",2019,2776,,
"Lesotho",2020,2508,,
"Liberia",2010,1113,,
"Liberia",2011,1414,,
"Liberia",2012,1472,,
"Liberia",2013,1636,,
"Liberia",2014,1713,,
"Liberia",2015,2434,,
"Liberia",2016,2521,,
"Liberia",2017,2508,,
"Liberia",2018,2377,,
"Liberia",2019,2285,,
"Liberia",2020,2178,,
"Libya",2010,75388,,
"Libya",2011,48314,,
"Libya",2012,90331,,
"Libya",2013,74727,,
"Libya",2014,57953,,
"Libya",2015,50593,,
"Libya",2016,51234,,
"Libya",2017,68360,,
"Libya",2018,77554,,
"Libya",2019,60893,,
"Libya",2020,30225,,
"Lithuania",2010,36897,,
"Lithuania",2011,42308,,
"Lithuania",2012,41600,,
"Lithuania",2013,45487,,
"Lithuania",2014,48001,,
"Lithuania",2015,39925,,
"Lithuania",2016,41485,,
"Lithuania",2017,46032,,
"Lithuania",2018,52084,,
"Lithuania",2019,52791,,
"Lithuania",2020,54912,,
"Luxembourg",2010,38380,,
"Luxembourg",2011,41430,,
"Luxembourg",2012,39410,,
"Luxembourg",2013,41235,,
"Luxembourg",2014,43911,,
"Luxembourg",2015,37619,,
"Luxembourg",2016,38640,,
"Luxembourg",2017,41383,,
"Luxembourg",2018,45178,,
"Luxembourg",2019,45471,,
"Luxembourg",2020,46921,,
"Madagascar",2010,9834,,
"Madagascar",2011,11397,,
"Madagascar",2012,11260,,
"Madagascar",2013,12056,,
"Madagascar",2014,12227,,
"Madagascar",2015,10949,,
"Madagascar",2016,11432,,
"Madagascar",2017,12817,,
"Madagascar",2018,13303,,
"Madagascar",2019,13587,,
"Madagascar",2020,12531,,
"Malawi",2010,6851,,
"Malawi",2011,8284,,
"Malawi",2012,6168,,
"Malawi",2013,5948,,
"Malawi",2014,7063,,
"Malawi",2015,7933,,
"Malawi",2016,7093,,
"Malawi",2017,8787,,
"Malawi",2018,9709,,
"Malawi",2019,10960,,
"Malawi",2020,11575,,
"Malaysia",2010,246905,,
"Malaysia",2011,290893,,
"Malaysia",2012,302839,,
"Malaysia",2013,312494,,
"Malaysia",2014,326876,,
"Malaysia",2015,293133,,
"Malaysia",2016,292916,,
"Malaysia",2017,310120,,
"Malaysia",2018,347540,,
"Malaysia",2019,354963,,
"Malaysia",2020,330425,,
"Maldives",2010,2277,,
"Maldives",2011,2480,,
"Maldives",2012,2614,,
"Maldives",2013,2931,,
"Maldives",2014,3342,,
"Maldives",2015,3777,,
"Maldives",2016,4025,,
"Maldives",2017,4378,,
"Maldives",2018,4808,,
"Maldives",2019,5051,,
"Maldives",2020,3491,,
"Mali",2010,10259,,
"Mali",2011,12516,,
"Mali",2012,11982,,
"Mali",2013,12813,,
"Mali",2014,14003,,
"Mali",2015,12799,,
"Mali",2016,13651,,
"Mali",2017,14865,,
"Mali",2018,16561,,
"Mali",2019,16671,,
"Mali",2020,16690,,
"Malta",2010,8563,,
"Malta",2011,9401,,
"Malta",2012,9016,,
"Malta",2013,10025,,
"Malta",2014,11006,,
"Malta",2015,10474,,
"Malta",2016,10547,,
"Malta",2017,12162,,
"Malta",2018,14210,,
"Malta",2019,14567,,
"Malta",2020,13584,,
"Marshall Islands",2010,195,,
"Marshall Islands",2011,209,,
"Marshall Islands",2012,209,,
"Marshall Islands",2013,222,,
"Marshall Islands",2014,229,,
"Marshall Islands",2015,249,,
"Marshall Islands",2016,264,,
"Marshall Islands",2017,274,,
"Marshall Islands",2018,283,,
"Marshall Islands",2019,295,,
"Marshall Islands",2020,298,,
"Mauritania",2010,5560,,
"Mauritania",2011,6609,,
"Mauritania",2012,6537,,
"Mauritania",2013,7030,,
"Mauritania",2014,6330,,
"Mauritania",2015,5987,,
"Mauritania",2016,6282,,
"Mauritania",2017,6703,,
"Mauritania",2018,7312,,
"Mauritania",2019,7790,,
"Mauritania",2020,7816,,
"Mauritius",2010,10123,,
"Mauritius",2011,11550,,
"Mauritius",2012,11708,,
"Mauritius",2013,12153,,
"Mauritius",2014,12722,,
"Mauritius",2015,11772,,
"Mauritius",2016,12163,,
"Mauritius",2017,13406,,
"Mauritius",2018,14384,,
"Mauritius",2019,14382,,
"Mauritius",2020,11088,,
"Mexico",2010,1045220,,
"Mexico",2011,1161741,,
"Mexico",2012,1177889,,
"Mexico",2013,1237367,,
"Mexico",2014,1283063,,
"Mexico",2015,1141605,,
"Mexico",2016,1049586,,
"Mexico",2017,1128822,,
"Mexico",2018,1189366,,
"Mexico",2019,1232368,,
"Mexico",2020,1035765,,
"Micronesia (Federated States of)",2010,308,,
"Micronesia (Federated States of)",2011,321,,
"Micronesia (Federated States of)",2012,343,,
"Micronesia (Federated States of)",2013,343,,
"Micronesia (Federated States of)",2014,345,,
"Micronesia (Federated States of)",2015,376,,
"Micronesia (Federated States of)",2016,387,,
"Micronesia (Federated States of)",2017,417,,
"Micronesia (Federated States of)",2018,412,,
"Micronesia (Federated States of)",2019,456,,
"Micronesia (Federated States of)",2020,453,,
"Moldova, Republic of",2010,7557,,
"Moldova, Republic of",2011,9092,,
"Moldova, Republic of",2012,9716,,
"Moldova, Republic of",2013,10525,,
"Moldova, Republic of",2014,10500,,
"Moldova, Republic of",2015,8293,,
"Moldova, Republic of",2016,8622,,
"Moldova, Republic of",2017,10221,,
"Moldova, Republic of",2018,12008,,
"Moldova, Republic of",2019,12595,,
"Moldova, Republic of",2020,12535,,
"Mongolia",2010,6610,,
"Mongolia",2011,9552,,
"Mongolia",2012,11343,,
"Mongolia",2013,11871,,
"Mongolia",2014,11233,,
"Mongolia",2015,10786,,
"Mongolia",2016,10265,,
"Mongolia",2017,9817,,
"Mongolia",2018,11765,,
"Mongolia",2019,12425,,
"Mongolia",2020,11871,,
"Montenegro",2010,4110,,
"Montenegro",2011,4575,,
"Montenegro",2012,4157,,
"Montenegro",2013,4552,,
"Montenegro",2014,4649,,
"Montenegro",2015,4142,,
"Montenegro",2016,4412,,
"Montenegro",2017,4956,,
"Montenegro",2018,5572,,
"Montenegro",2019,5561,,
"Montenegro",2020,4806,,
"Montserrat",2010,52,,
"Montserrat",2011,60,,
"Montserrat",2012,60,,
"Montserrat",2013,57,,
"Montserrat",2014,59,,
"Montserrat",2015,62,,
"Montserrat",2016,63,,
"Montserrat",2017,60,,
"Montserrat",2018,63,,
"Montserrat",2019,66,,
"Montserrat",2020,68,,
"Morocco",2010,91933,,
"Morocco",2011,99661,,
"Morocco",2012,96282,,
"Morocco",2013,105369,,
"Morocco",2014,107502,,
"Morocco",2015,99244,,
"Morocco",2016,101326,,
"Morocco",2017,107533,,
"Morocco",2018,115795,,
"Morocco",2019,117528,,
"Morocco",2020,113027,,
"Mozambique",2010,10773,,
"Mozambique",2011,14161,,
"Mozambique",2012,16348,,
"Mozambique",2013,16916,,
"Mozambique",2014,17575,,
"Mozambique",2015,15719,,
"Mozambique",2016,11742,,
"Mozambique",2017,12897,,
"Mozambique",2018,14504,,
"Mozambique",2019,15092,,
"Mozambique",2020,13755,,
"Myanmar",2010,43629,,
"Myanmar",2011,59308,,
"Myanmar",2012,63142,,
"Myanmar",2013,63961,,
"Myanmar",2014,67812,,
"Myanmar",2015,63473,,
"Myanmar",2016,66580,,
"Myanmar",2017,67863,,
"Myanmar",2018,73285,,
"Myanmar",2019,73861,,
"Myanmar",2020,68196,,
"Namibia",2010,10849,,
"Namibia",2011,12075,,
"Namibia",2012,12495,,
"Namibia",2013,12130,,
"Namibia",2014,12352,,
"Namibia",2015,11317,,
"Namibia",2016,10511,,
"Namibia",2017,12654,,
"Namibia",2018,13267,,
"Namibia",2019,12258,,
"Namibia",2020,10529,,
"Nauru",2010,62,,
"Nauru",2011,89,,
"Nauru",2012,126,,
"Nauru",2013,122,,
"Nauru",2014,134,,
"Nauru",2015,109,,
"Nauru",2016,136,,
"Nauru",2017,152,,
"Nauru",2018,157,,
"Nauru",2019,166,,
"Nauru",2020,159,,
"Nepal",2010,18494,,
"Nepal",2011,21214,,
"Nepal",2012,20783,,
"Nepal",2013,21102,,
"Nepal",2014,22760,,
"Nepal",2015,24002,,
"Nepal",2016,24605,,
"Nepal",2017,29740,,
"Nepal",2018,31940,,
"Nepal",2019,34623,,
"Nepal",2020,33468,,
"Netherlands (Kingdom of the)",2010,849075,,
"Netherlands (Kingdom of the)",2011,916771,,
"Netherlands (Kingdom of the)",2012,853386,,
"Netherlands (Kingdom of the)",2013,888843,,
"Netherlands (Kingdom of the)",2014,888820,,
"Netherlands (Kingdom of the)",2015,765885,,
"Netherlands (Kingdom of the)",2016,771984,,
"Netherlands (Kingdom of the)",2017,840204,,
"Netherlands (Kingdom of the)",2018,924513,,
"Netherlands (Kingdom of the)",2019,913992,,
"Netherlands (Kingdom of the)",2020,897973,,
"Netherlands Antilles",2010,3808,,
"Netherlands Antilles",2011,,,"Not applicable"
"Netherlands Antilles",2012,,,"Not applicable"
"Netherlands Antilles",2013,,,"Not applicable"
"Netherlands Antilles",2014,,,"Not applicable"
"Netherlands Antilles",2015,,,"Not applicable"
"Netherlands Antilles",2016,,,"Not applicable"
"Netherlands Antilles",2017,,,"Not applicable"
"Netherlands Antilles",2018,,,"Not applicable"
"Netherlands Antilles",2019,,,"Not applicable"
"Netherlands Antilles",2020,,,"Not applicable"
"New Caledonia",2010,9355,,
"New Caledonia",2011,10338,,
"New Caledonia",2012,9660,,
"New Caledonia",2013,10148,,
"New Caledonia",2014,10621,,
"New Caledonia",2015,8735,,
"New Caledonia",2016,8719,,
"New Caledonia",2017,9174,,
"New Caledonia",2018,9847,,
"New Caledonia",2019,9438,,
"New Caledonia",2020,9709,,
"New Zealand",2010,139235,,
"New Zealand",2011,160663,,
"New Zealand",2012,168872,,
"New Zealand",2013,183382,,
"New Zealand",2014,193205,,
"New Zealand",2015,172157,,
"New Zealand",2016,182861,,
"New Zealand",2017,199194,,
"New Zealand",2018,204641,,
"New Zealand",2019,207570,,
"New Zealand",2020,206218,,
"Nicaragua",2010,8507,,
"Nicaragua",2011,9498,,
"Nicaragua",2012,10112,,
"Nicaragua",2013,10446,,
"Nicaragua",2014,11426,,
"Nicaragua",2015,12260,,
"Nicaragua",2016,12640,,
"Nicaragua",2017,13071,,
"Nicaragua",2018,12376,,
"Nicaragua",2019,11998,,
"Nicaragua",2020,12178,,
"Niger",2010,7619,,
"Niger",2011,8537,,
"Niger",2012,9140,,
"Niger",2013,10048,,
"Niger",2014,10847,,
"Niger",2015,9528,,
"Niger",2016,10236,,
"Niger",2017,11003,,
"Niger",2018,12659,,
"Niger",2019,12797,,
"Niger",2020,13554,,
"Nigeria",2010,347582,,
"Nigeria",2011,388902,,
"Nigeria",2012,435952,,
"Nigeria",2013,486035,,
"Nigeria",2014,544708,,
"Nigeria",2015,479398,,
"Nigeria",2016,374341,,
"Nigeria",2017,344771,,
"Nigeria",2018,384819,,
"Nigeria",2019,436672,,
"Nigeria",2020,401228,,
"North Macedonia",2010,9283,,
"North Macedonia",2011,10298,,
"North Macedonia",2012,9570,,
"North Macedonia",2013,10537,,
"North Macedonia",2014,11150,,
"North Macedonia",2015,9748,,
"North Macedonia",2016,10248,,
"North Macedonia",2017,10859,,
"North Macedonia",2018,12151,,
"North Macedonia",2019,11965,,
"North Macedonia",2020,11695,,
"Norway",2010,433408,,
"Norway",2011,503062,,
"Norway",2012,513830,,
"Norway",2013,528332,,
"Norway",2014,514173,,
"Norway",2015,401834,,
"Norway",2016,384956,,
"Norway",2017,413028,,
"Norway",2018,453417,,
"Norway",2019,417279,,
"Norway",2020,378698,,
"Oman",2010,53332,,
"Oman",2011,63879,,
"Oman",2012,72110,,
"Oman",2013,75549,,
"Oman",2014,76369,,
"Oman",2015,66159,,
"Oman",2016,63310,,
"Oman",2017,67824,,
"Oman",2018,74512,,
"Oman",2019,70188,,
"Oman",2020,60176,,
"Pacific Islands, Trust Territory",2010,,,"Not applicable"
"Pacific Islands, Trust Territory",2011,,,"Not applicable"
"Pacific Islands, Trust Territory",2012,,,"Not applicable"
"Pacific Islands, Trust Territory",2013,,,"Not applicable"
"Pacific Islands, Trust Territory",2014,,,"Not applicable"
"Pacific Islands, Trust Territory",2015,,,"Not applicable"
"Pacific Islands, Trust Territory",2016,,,"Not applicable"
"Pacific Islands, Trust Territory",2017,,,"Not applicable"
"Pacific Islands, Trust Territory",2018,,,"Not applicable"
"Pacific Islands, Trust Territory",2019,,,"Not applicable"
"Pacific Islands, Trust Territory",2020,,,"Not applicable"
"Pakistan",2010,181154,,
"Pakistan",2011,221171,,
"Pakistan",2012,225731,,
"Pakistan",2013,231699,,
"Pakistan",2014,263076,,
"Pakistan",2015,283332,,
"Pakistan",2016,294538,,
"Pakistan",2017,319244,,
"Pakistan",2018,299304,,
"Pakistan",2019,270110,,
"Pakistan",2020,276143,,
"Palau",2010,202,,
"Palau",2011,213,,
"Palau",2012,231,,
"Palau",2013,241,,
"Palau",2014,260,,
"Palau",2015,302,,
"Palau",2016,321,,
"Palau",2017,304,,
"Palau",2018,302,,
"Palau",2019,286,,
"Palau",2020,269,,
"Panama",2010,26353,,
"Panama",2011,31864,,
"Panama",2012,37159,,
"Panama",2013,42114,,
"Panama",2014,44982,,
"Panama",2015,48743,,
"Panama",2016,53021,,
"Panama",2017,57649,,
"Panama",2018,59269,,
"Panama",2019,61682,,
"Panama",2020,48891,,
"Panama, excluding Canal Zone",2010,,,"Not applicable"
"Panama, excluding Canal Zone",2011,,,"Not applicable"
"Panama, excluding Canal Zone",2012,,,"Not applicable"
"Panama, excluding Canal Zone",2013,,,"Not applicable"
"Panama, excluding Canal Zone",2014,,,"Not applicable"
"Panama, excluding Canal Zone",2015,,,"Not applicable"
"Panama, excluding Canal Zone",2016,,,"Not applicable"
"Panama, excluding Canal Zone",2017,,,"Not applicable"
"Panama, excluding Canal Zone",2018,,,"Not applicable"
"Panama, excluding Canal Zone",2019,,,"Not applicable"
"Panama, excluding Canal Zone",2020,,,"Not applicable"
"Papua New Guinea",2010,13182,,
"Papua New Guinea",2011,16273,,
"Papua New Guinea",2012,20198,,
"Papua New Guinea",2013,19542,,
"Papua New Guinea",2014,22809,,
"Papua New Guinea",2015,21328,,
"Papua New Guinea",2016,20529,,
"Papua New Guinea",2017,22294,,
"Papua New Guinea",2018,23596,,
"Papua New Guinea",2019,23780,,
"Papua New Guinea",2020,23169,,
"Paraguay",2010,25909,,
"Paraguay",2011,32511,,
"Paraguay",2012,31769,,
"Paraguay",2013,36903,,
"Paraguay",2014,38832,,
"Paraguay",2015,34818,,
"Paraguay",2016,34609,,
"Paraguay",2017,37667,,
"Paraguay",2018,38825,,
"Paraguay",2019,36855,,
"Paraguay",2020,34325,,
"Peru",2010,136692,,
"Peru",2011,159083,,
"Peru",2012,180517,,
"Peru",2013,190810,,
"Peru",2014,191696,,
"Peru",2015,183304,,
"Peru",2016,183941,,
"Peru",2017,201300,,
"Peru",2018,211455,,
"Peru",2019,218652,,
"Peru",2020,194461,,
"Philippines",2010,231747,,
"Philippines",2011,259495,,
"Philippines",2012,290824,,
"Philippines",2013,317288,,
"Philippines",2014,331766,,
"Philippines",2015,341467,,
"Philippines",2016,354013,,
"Philippines",2017,364719,,
"Philippines",2018,383817,,
"Philippines",2019,414552,,
"Philippines",2020,389324,,
"Poland",2010,462731,,
"Poland",2011,509262,,
"Poland",2012,479849,,
"Poland",2013,503414,,
"Poland",2014,522159,,
"Poland",2015,460400,,
"Poland",2016,454021,,
"Poland",2017,504659,,
"Poland",2018,563132,,
"Poland",2019,572794,,
"Poland",2020,574983,,
"Portugal",2010,230312,,
"Portugal",2011,240831,,
"Portugal",2012,211118,,
"Portugal",2013,223343,,
"Portugal",2014,224899,,
"Portugal",2015,193967,,
"Portugal",2016,201275,,
"Portugal",2017,216162,,
"Portugal",2018,236395,,
"Portugal",2019,233753,,
"Portugal",2020,224931,,
"Qatar",2010,112179,,
"Qatar",2011,154504,,
"Qatar",2012,174709,,
"Qatar",2013,188364,,
"Qatar",2014,196924,,
"Qatar",2015,158175,,
"Qatar",2016,150623,,
"Qatar",2017,160680,,
"Qatar",2018,179590,,
"Qatar",2019,171428,,
"Qatar",2020,143348,,
"Romania",2010,165193,,
"Romania",2011,181994,,
"Romania",2012,169302,,
"Romania",2013,187334,,
"Romania",2014,197656,,
"Romania",2015,174176,,
"Romania",2016,184033,,
"Romania",2017,207370,,
"Romania",2018,236051,,
"Romania",2019,246563,,
"Romania",2020,245414,,
"Russian Federation",2010,1491145,,
"Russian Federation",2011,1985723,,
"Russian Federation",2012,2140021,,
"Russian Federation",2013,2212485,,
"Russian Federation",2014,1991279,,
"Russian Federation",2015,1325733,,
"Russian Federation",2016,1241290,,
"Russian Federation",2017,1532146,,
"Russian Federation",2018,1616936,,
"Russian Federation",2019,1633929,,
"Russian Federation",2020,1448704,,
"Rwanda",2010,6071,,
"Rwanda",2011,6823,,
"Rwanda",2012,7547,,
"Rwanda",2013,7684,,
"Rwanda",2014,8053,,
"Rwanda",2015,8364,,
"Rwanda",2016,8452,,
"Rwanda",2017,8962,,
"Rwanda",2018,9294,,
"Rwanda",2019,10009,,
"Rwanda",2020,10096,,
"Saint Kitts and Nevis",2010,729,,
"Saint Kitts and Nevis",2011,785,,
"Saint Kitts and Nevis",2012,774,,
"Saint Kitts and Nevis",2013,816,,
"Saint Kitts and Nevis",2014,886,,
"Saint Kitts and Nevis",2015,892,,
"Saint Kitts and Nevis",2016,939,,
"Saint Kitts and Nevis",2017,948,,
"Saint Kitts and Nevis",2018,964,,
"Saint Kitts and Nevis",2019,997,,
"Saint Kitts and Nevis",2020,914,,
"Saint Lucia",2010,1439,,
"Saint Lucia",2011,1553,,
"Saint Lucia",2012,1564,,
"Saint Lucia",2013,1628,,
"Saint Lucia",2014,1649,,
"Saint Lucia",2015,1657,,
"Saint Lucia",2016,1751,,
"Saint Lucia",2017,1890,,
"Saint Lucia",2018,1953,,
"Saint Lucia",2019,2005,,
"Saint Lucia",2020,1523,,
"Saint Vincent and the Grenadines",2010,669,,
"Saint Vincent and the Grenadines",2011,663,,
"Saint Vincent and the Grenadines",2012,689,,
"Saint Vincent and the Grenadines",2013,721,,
"Saint Vincent and the Grenadines",2014,708,,
"Saint Vincent and the Grenadines",2015,741,,
"Saint Vincent and the Grenadines",2016,756,,
"Saint Vincent and the Grenadines",2017,796,,
"Saint Vincent and the Grenadines",2018,829,,
"Saint Vincent and the Grenadines",2019,818,,
"Saint Vincent and the Grenadines",2020,812,,
"Samoa",2010,673,,
"Samoa",2011,732,,
"Samoa",2012,729,,
"Samoa",2013,737,,
"Samoa",2014,750,,
"Samoa",2015,771,,
"Samoa",2016,802,,
"Samoa",2017,799,,
"Samoa",2018,805,,
"Samoa",2019,812,,
"Samoa",2020,749,,
"San Marino",2010,1871,,
"San Marino",2011,1795,,
"San Marino",2012,1446,,
"San Marino",2013,1595,,
"San Marino",2014,1571,,
"San Marino",2015,1208,,
"San Marino",2016,1243,,
"San Marino",2017,1421,,
"San Marino",2018,1507,,
"San Marino",2019,1479,,
"San Marino",2020,1384,,
"Sao Tome and Principe",2010,198,,
"Sao Tome and Principe",2011,234,,
"Sao Tome and Principe",2012,248,,
"Sao Tome and Principe",2013,306,,
"Sao Tome and Principe",2014,355,,
"Sao Tome and Principe",2015,317,,
"Sao Tome and Principe",2016,349,,
"Sao Tome and Principe",2017,377,,
"Sao Tome and Principe",2018,415,,
"Sao Tome and Principe",2019,429,,
"Sao Tome and Principe",2020,475,,
"Saudi Arabia",2010,535251,,
"Saudi Arabia",2011,680923,,
"Saudi Arabia",2012,746963,,
"Saudi Arabia",2013,757414,,
"Saudi Arabia",2014,772842,,
"Saudi Arabia",2015,668890,,
"Saudi Arabia",2016,660662,,
"Saudi Arabia",2017,699284,,
"Saudi Arabia",2018,793855,,
"Saudi Arabia",2019,800686,,
"Saudi Arabia",2020,706933,,
"Senegal",2010,15937,,
"Senegal",2011,17596,,
"Senegal",2012,17013,,
"Senegal",2013,18479,,
"Senegal",2014,19342,,
"Senegal",2015,17325,,
"Senegal",2016,18497,,
"Senegal",2017,20341,,
"Senegal",2018,22568,,
"Senegal",2019,22564,,
"Senegal",2020,23729,,
"Serbia",2010,46352,,
"Serbia",2011,53845,,
"Serbia",2012,48230,,
"Serbia",2013,53386,,
"Serbia",2014,52480,,
"Serbia",2015,44205,,
"Serbia",2016,45207,,
"Serbia",2017,48648,,
"Serbia",2018,56069,,
"Serbia",2019,56809,,
"Serbia",2020,59606,,
"Serbia and Montenegro",2010,,,"Not applicable"
"Serbia and Montenegro",2011,,,"Not applicable"
"Serbia and Montenegro",2012,,,"Not applicable"
"Serbia and Montenegro",2013,,,"Not applicable"
"Serbia and Montenegro",2014,,,"Not applicable"
"Serbia and Montenegro",2015,,,"Not applicable"
"Serbia and Montenegro",2016,,,"Not applicable"
"Serbia and Montenegro",2017,,,"Not applicable"
"Serbia and Montenegro",2018,,,"Not applicable"
"Serbia and Montenegro",2019,,,"Not applicable"
"Serbia and Montenegro",2020,,,"Not applicable"
"Seychelles",2010,890,,
"Seychelles",2011,925,,
"Seychelles",2012,1000,,
"Seychelles",2013,1259,,
"Seychelles",2014,1261,,
"Seychelles",2015,1294,,
"Seychelles",2016,1317,,
"Seychelles",2017,1415,,
"Seychelles",2018,1450,,
"Seychelles",2019,1492,,
"Seychelles",2020,1041,,
"Sierra Leone",2010,2638,,
"Sierra Leone",2011,2901,,
"Sierra Leone",2012,3924,,
"Sierra Leone",2013,4893,,
"Sierra Leone",2014,4896,,
"Sierra Leone",2015,4224,,
"Sierra Leone",2016,3832,,
"Sierra Leone",2017,3680,,
"Sierra Leone",2018,4049,,
"Sierra Leone",2019,4070,,
"Sierra Leone",2020,3709,,
"Singapore",2010,237217,,
"Singapore",2011,269757,,
"Singapore",2012,281971,,
"Singapore",2013,291010,,
"Singapore",2014,303911,,
"Singapore",2015,286983,,
"Singapore",2016,298588,,
"Singapore",2017,317182,,
"Singapore",2018,332410,,
"Singapore",2019,329662,,
"Singapore",2020,298430,,
"Sint Maarten (Dutch part)",2010,,,"Not applicable"
"Sint Maarten (Dutch part)",2011,902,,
"Sint Maarten (Dutch part)",2012,954,,
"Sint Maarten (Dutch part)",2013,1000,,
"Sint Maarten (Dutch part)",2014,1014,,
"Sint Maarten (Dutch part)",2015,1030,,
"Sint Maarten (Dutch part)",2016,1036,,
"Sint Maarten (Dutch part)",2017,981,,
"Sint Maarten (Dutch part)",2018,947,,
"Sint Maarten (Dutch part)",2019,1046,,
"Sint Maarten (Dutch part)",2020,829,,
"Slovakia",2010,88810,,
"Slovakia",2011,95914,,
"Slovakia",2012,92679,,
"Slovakia",2013,97813,,
"Slovakia",2014,99812,,
"Slovakia",2015,86429,,
"Slovakia",2016,87230,,
"Slovakia",2017,93664,,
"Slovakia",2018,104169,,
"Slovakia",2019,103455,,
"Slovakia",2020,103993,,
"Slovenia",2010,47523,,
"Slovenia",2011,50817,,
"Slovenia",2012,45854,,
"Slovenia",2013,47754,,
"Slovenia",2014,49472,,
"Slovenia",2015,41761,,
"Slovenia",2016,43602,,
"Slovenia",2017,47713,,
"Slovenia",2018,53358,,
"Slovenia",2019,53359,,
"Slovenia",2020,53184,,
"Solomon Islands",2010,856,,
"Solomon Islands",2011,994,,
"Solomon Islands",2012,1134,,
"Solomon Islands",2013,1289,,
"Solomon Islands",2014,1321,,
"Solomon Islands",2015,1283,,
"Solomon Islands",2016,1337,,
"Solomon Islands",2017,1454,,
"Solomon Islands",2018,1554,,
"Solomon Islands",2019,1554,,
"Solomon Islands",2020,1582,,
"Somalia",2010,1049,,
"Somalia",2011,1090,,
"Somalia",2012,1458,,
"Somalia",2013,1754,,
"Somalia",2014,1643,,
"Somalia",2015,1448,,
"Somalia",2016,1498,,
"Somalia",2017,1608,,
"Somalia",2018,1660,,
"Somalia",2019,1818,,
"Somalia",2020,1860,,
"South Africa",2010,367344,,
"South Africa",2011,405767,,
"South Africa",2012,385570,,
"South Africa",2013,357035,,
"South Africa",2014,341281,,
"South Africa",2015,309549,,
"South Africa",2016,288151,,
"South Africa",2017,338540,,
"South Africa",2018,356460,,
"South Africa",2019,341522,,
"South Africa",2020,296479,,
"South Sudan",2010,,,"Not applicable"
"South Sudan",2011,,,"Not applicable"
"South Sudan",2012,14168,,
"South Sudan",2013,16339,,
"South Sudan",2014,14944,,
"South Sudan",2015,5948,,
"South Sudan",2016,3058,,
"South Sudan",2017,3513,,
"South Sudan",2018,7764,,
"South Sudan",2019,16118,,
"South Sudan",2020,15302,,
"Spain",2010,1400016,,
"Spain",2011,1452677,,
"Spain",2012,1314224,,
"Spain",2013,1345710,,
"Spain",2014,1364378,,
"Spain",2015,1194851,,
"Spain",2016,1235120,,
"Spain",2017,1313028,,
"Spain",2018,1424746,,
"Spain",2019,1395572,,
"Spain",2020,1289015,,
"Sri Lanka",2010,56109,,
"Sri Lanka",2011,64641,,
"Sri Lanka",2012,67221,,
"Sri Lanka",2013,72566,,
"Sri Lanka",2014,77548,,
"Sri Lanka",2015,78582,,
"Sri Lanka",2016,80205,,
"Sri Lanka",2017,85113,,
"Sri Lanka",2018,85565,,
"Sri Lanka",2019,81573,,
"Sri Lanka",2020,78494,,
"State of Palestine",2010,10281,,
"State of Palestine",2011,11936,,
"State of Palestine",2012,13066,,
"State of Palestine",2013,14676,,
"State of Palestine",2014,15472,,
"State of Palestine",2015,15685,,
"State of Palestine",2016,17301,,
"State of Palestine",2017,18257,,
"State of Palestine",2018,19064,,
"State of Palestine",2019,20165,,
"State of Palestine",2020,18107,,
"Sudan",2010,,,"Not applicable"
"Sudan",2011,,,"Not applicable"
"Sudan",2012,59676,,
"Sudan",2013,59433,,
"Sudan",2014,76058,,
"Sudan",2015,78158,,
"Sudan",2016,83996,,
"Sudan",2017,111095,,
"Sudan",2018,50189,,
"Sudan",2019,36395,,
"Sudan",2020,58030,,
"Sudan (...2011)",2010,73790,,
"Sudan (...2011)",2011,90671,,
"Sudan (...2011)",2012,,,"Not applicable"
"Sudan (...2011)",2013,,,"Not applicable"
"Sudan (...2011)",2014,,,"Not applicable"
"Sudan (...2011)",2015,,,"Not applicable"
"Sudan (...2011)",2016,,,"Not applicable"
"Sudan (...2011)",2017,,,"Not applicable"
"Sudan (...2011)",2018,,,"Not applicable"
"Sudan (...2011)",2019,,,"Not applicable"
"Sudan (...2011)",2020,,,"Not applicable"
"Suriname",2010,4262,,
"Suriname",2011,4156,,
"Suriname",2012,4785,,
"Suriname",2013,5013,,
"Suriname",2014,5169,,
"Suriname",2015,5113,,
"Suriname",2016,3148,,
"Suriname",2017,3194,,
"Suriname",2018,3605,,
"Suriname",2019,3806,,
"Suriname",2020,3650,,
"Sweden",2010,509281,,
"Sweden",2011,585818,,
"Sweden",2012,565134,,
"Sweden",2013,600022,,
"Sweden",2014,594247,,
"Sweden",2015,509136,,
"Sweden",2016,518630,,
"Sweden",2017,550407,,
"Sweden",2018,565956,,
"Sweden",2019,549426,,
"Sweden",2020,557392,,
"Switzerland, Liechtenstein",2010,641433,,
"Switzerland, Liechtenstein",2011,733779,,
"Switzerland, Liechtenstein",2012,710496,,
"Switzerland, Liechtenstein",2013,731706,,
"Switzerland, Liechtenstein",2014,741044,,
"Switzerland, Liechtenstein",2015,715954,,
"Switzerland, Liechtenstein",2016,698661,,
"Switzerland, Liechtenstein",2017,701688,,
"Switzerland, Liechtenstein",2018,713185,,
"Switzerland, Liechtenstein",2019,712463,,
"Switzerland, Liechtenstein",2020,732532,,
"Syrian Arab Republic",2010,59105,,
"Syrian Arab Republic",2011,112571,,
"Syrian Arab Republic",2012,67194,,
"Syrian Arab Republic",2013,31472,,
"Syrian Arab Republic",2014,24286,,
"Syrian Arab Republic",2015,21777,,
"Syrian Arab Republic",2016,15135,,
"Syrian Arab Republic",2017,19616,,
"Syrian Arab Republic",2018,25626,,
"Syrian Arab Republic",2019,28663,,
"Syrian Arab Republic",2020,16782,,
"Tajikistan",2010,7136,,
"Tajikistan",2011,7894,,
"Tajikistan",2012,9576,,
"Tajikistan",2013,11877,,
"Tajikistan",2014,12102,,
"Tajikistan",2015,9798,,
"Tajikistan",2016,8082,,
"Tajikistan",2017,8637,,
"Tajikistan",2018,8991,,
"Tajikistan",2019,9631,,
"Tajikistan",2020,9279,,
"Tanzania, United Republic of",2010,31782,,
"Tanzania, United Republic of",2011,34255,,
"Tanzania, United Republic of",2012,39795,,
"Tanzania, United Republic of",2013,46027,,
"Tanzania, United Republic of",2014,50697,,
"Tanzania, United Republic of",2015,47822,,
"Tanzania, United Republic of",2016,50057,,
"Tanzania, United Republic of",2017,53717,,
"Tanzania, United Republic of",2018,57981,,
"Tanzania, United Republic of",2019,61811,,
"Tanzania, United Republic of",2020,65586,,
"Thailand",2010,326815,,
"Thailand",2011,361875,,
"Thailand",2012,379343,,
"Thailand",2013,393468,,
"Thailand",2014,386382,,
"Thailand",2015,380595,,
"Thailand",2016,393949,,
"Thailand",2017,435913,,
"Thailand",2018,482064,,
"Thailand",2019,524213,,
"Thailand",2020,487772,,
"Timor-Leste",2010,3325,,
"Timor-Leste",2011,4581,,
"Timor-Leste",2012,4318,,
"Timor-Leste",2013,4152,,
"Timor-Leste",2014,3338,,
"Timor-Leste",2015,2793,,
"Timor-Leste",2016,2231,,
"Timor-Leste",2017,2288,,
"Timor-Leste",2018,2264,,
"Timor-Leste",2019,2731,,
"Timor-Leste",2020,2383,,
"Togo",2010,3386,,
"Togo",2011,4290,,
"Togo",2012,4274,,
"Togo",2013,5026,,
"Togo",2014,5604,,
"Togo",2015,5510,,
"Togo",2016,6170,,
"Togo",2017,6431,,
"Togo",2018,7001,,
"Togo",2019,6922,,
"Togo",2020,7234,,
"Tonga",2010,383,,
"Tonga",2011,452,,
"Tonga",2012,478,,
"Tonga",2013,452,,
"Tonga",2014,435,,
"Tonga",2015,407,,
"Tonga",2016,423,,
"Tonga",2017,480,,
"Tonga",2018,509,,
"Tonga",2019,549,,
"Tonga",2020,533,,
"Trinidad and Tobago",2010,21117,,
"Trinidad and Tobago",2011,22690,,
"Trinidad and Tobago",2012,23490,,
"Trinidad and Tobago",2013,25726,,
"Trinidad and Tobago",2014,25918,,
"Trinidad and Tobago",2015,24760,,
"Trinidad and Tobago",2016,22070,,
"Trinidad and Tobago",2017,23356,,
"Trinidad and Tobago",2018,23151,,
"Trinidad and Tobago",2019,23715,,
"Trinidad and Tobago",2020,21239,,
"Tunisia",2010,41984,,
"Tunisia",2011,43651,,
"Tunisia",2012,43140,,
"Tunisia",2013,44191,,
"Tunisia",2014,45929,,
"Tunisia",2015,41833,,
"Tunisia",2016,40617,,
"Tunisia",2017,38573,,
"Tunisia",2018,38407,,
"Tunisia",2019,37478,,
"Tunisia",2020,38179,,
"Turkiye",2010,765098,,
"Turkiye",2011,825131,,
"Turkiye",2012,867062,,
"Turkiye",2013,941690,,
"Turkiye",2014,925636,,
"Turkiye",2015,849832,,
"Turkiye",2016,854136,,
"Turkiye",2017,839920,,
"Turkiye",2018,766528,,
"Turkiye",2019,748166,,
"Turkiye",2020,711415,,
"Turkmenistan",2010,20689,,
"Turkmenistan",2011,26406,,
"Turkmenistan",2012,31835,,
"Turkmenistan",2013,35783,,
"Turkmenistan",2014,39603,,
"Turkmenistan",2015,33943,,
"Turkmenistan",2016,35226,,
"Turkmenistan",2017,36352,,
"Turkmenistan",2018,39044,,
"Turkmenistan",2019,43576,,
"Turkmenistan",2020,42959,,
"Turks and Caicos Islands",2010,751,,
"Turks and Caicos Islands",2011,797,,
"Turks and Caicos Islands",2012,796,,
"Turks and Caicos Islands",2013,825,,
"Turks and Caicos Islands",2014,920,,
"Turks and Caicos Islands",2015,1031,,
"Turks and Caicos Islands",2016,1130,,
"Turks and Caicos Islands",2017,1119,,
"Turks and Caicos Islands",2018,1218,,
"Turks and Caicos Islands",2019,1310,,
"Turks and Caicos Islands",2020,1012,,
"Tuvalu",2010,51,,
"Tuvalu",2011,57,,
"Tuvalu",2012,65,,
"Tuvalu",2013,66,,
"Tuvalu",2014,62,,
"Tuvalu",2015,66,,
"Tuvalu",2016,79,,
"Tuvalu",2017,81,,
"Tuvalu",2018,99,,
"Tuvalu",2019,87,,
"Tuvalu",2020,97,,
"Uganda",2010,30322,,
"Uganda",2011,28093,,
"Uganda",2012,30311,,
"Uganda",2013,23046,,
"Uganda",2014,38258,,
"Uganda",2015,28853,,
"Uganda",2016,29980,,
"Uganda",2017,30836,,
"Uganda",2018,33107,,
"Uganda",2019,36736,,
"Uganda",2020,38066,,
"Ukraine",2010,135958,,
"Ukraine",2011,161005,,
"Ukraine",2012,180603,,
"Ukraine",2013,187717,,
"Ukraine",2014,131978,,
"Ukraine",2015,91411,,
"Ukraine",2016,94831,,
"Ukraine",2017,114760,,
"Ukraine",2018,134253,,
"Ukraine",2019,158582,,
"Ukraine",2020,160284,,
"Union of Soviet Socialist Republics",2010,,,"Not applicable"
"Union of Soviet Socialist Republics",2011,,,"Not applicable"
"Union of Soviet Socialist Republics",2012,,,"Not applicable"
"Union of Soviet Socialist Republics",2013,,,"Not applicable"
"Union of Soviet Socialist Republics",2014,,,"Not applicable"
"Union of Soviet Socialist Republics",2015,,,"Not applicable"
"Union of Soviet Socialist Republics",2016,,,"Not applicable"
"Union of Soviet Socialist Republics",2017,,,"Not applicable"
"Union of Soviet Socialist Republics",2018,,,"Not applicable"
"Union of Soviet Socialist Republics",2019,,,"Not applicable"
"Union of Soviet Socialist Republics",2020,,,"Not applicable"
"United Arab Emirates",2010,289704,,
"United Arab Emirates",2011,350801,,
"United Arab Emirates",2012,374890,,
"United Arab Emirates",2013,390570,,
"United Arab Emirates",2014,403796,,
"United Arab Emirates",2015,359878,,
"United Arab Emirates",2016,359142,,
"United Arab Emirates",2017,388383,,
"United Arab Emirates",2018,423639,,
"United Arab Emirates",2019,419277,,
"United Arab Emirates",2020,357317,,
"United Kingdom",2010,2492138,,
"United Kingdom",2011,2684173,,
"United Kingdom",2012,2691110,,
"United Kingdom",2013,2746457,,
"United Kingdom",2014,3023236,,
"United Kingdom",2015,2886070,,
"United Kingdom",2016,2654616,,
"United Kingdom",2017,2664014,,
"United Kingdom",2018,2860062,,
"United Kingdom",2019,2862007,,
"United Kingdom",2020,2723175,,
"United States of America",2010,15236368,,
"United States of America",2011,15915699,,
"United States of America",2012,16743681,,
"United States of America",2013,17257276,,
"United States of America",2014,18111892,,
"United States of America",2015,18730512,,
"United States of America",2016,19090464,,
"United States of America",2017,19962123,,
"United States of America",2018,21014518,,
"United States of America",2019,21779415,,
"United States of America",2020,21356824,,
"Uruguay",2010,38782,,
"Uruguay",2011,46834,,
"Uruguay",2012,50812,,
"Uruguay",2013,57490,,
"Uruguay",2014,57734,,
"Uruguay",2015,54644,,
"Uruguay",2016,54544,,
"Uruguay",2017,60670,,
"Uruguay",2018,60859,,
"Uruguay",2019,58184,,
"Uruguay",2020,50879,,
"Uzbekistan",2010,48110,,
"Uzbekistan",2011,58620,,
"Uzbekistan",2012,66358,,
"Uzbekistan",2013,72147,,
"Uzbekistan",2014,79595,,
"Uzbekistan",2015,83307,,
"Uzbekistan",2016,82714,,
"Uzbekistan",2017,60376,,
"Uzbekistan",2018,51899,,
"Uzbekistan",2019,58600,,
"Uzbekistan",2020,58581,,
"Vanuatu",2010,679,,
"Vanuatu",2011,772,,
"Vanuatu",2012,754,,
"Vanuatu",2013,781,,
"Vanuatu",2014,801,,
"Vanuatu",2015,762,,
"Vanuatu",2016,802,,
"Vanuatu",2017,869,,
"Vanuatu",2018,922,,
"Vanuatu",2019,943,,
"Vanuatu",2020,856,,
"Venezuela (Bolivarian Rep. of)",2010,388949,,
"Venezuela (Bolivarian Rep. of)",2011,308493,,
"Venezuela (Bolivarian Rep. of)",2012,371207,,
"Venezuela (Bolivarian Rep. of)",2013,359586,,
"Venezuela (Bolivarian Rep. of)",2014,359462,,
"Venezuela (Bolivarian Rep. of)",2015,335278,,
"Venezuela (Bolivarian Rep. of)",2016,283226,,
"Venezuela (Bolivarian Rep. of)",2017,235468,,
"Venezuela (Bolivarian Rep. of)",2018,172677,,
"Venezuela (Bolivarian Rep. of)",2019,115171,,
"Venezuela (Bolivarian Rep. of)",2020,96115,,
"Viet Nam",2010,111513,,
"Viet Nam",2011,129698,,
"Viet Nam",2012,149569,,
"Viet Nam",2013,163885,,
"Viet Nam",2014,177361,,
"Viet Nam",2015,183321,,
"Viet Nam",2016,196687,,
"Viet Nam",2017,207929,,
"Viet Nam",2018,230004,,
"Viet Nam",2019,246721,,
"Viet Nam",2020,255422,,
"Yemen",2010,29194,,
"Yemen",2011,28848,,
"Yemen",2012,30866,,
"Yemen",2013,33242,,
"Yemen",2014,31742,,
"Yemen",2015,26296,,
"Yemen",2016,21947,,
"Yemen",2017,20625,,
"Yemen",2018,22826,,
"Yemen",2019,25232,,
"Yemen",2020,27806,,
"Yemen, Arab Republic",2010,,,"Not applicable"
"Yemen, Arab Republic",2011,,,"Not applicable"
"Yemen, Arab Republic",2012,,,"Not applicable"
"Yemen, Arab Republic",2013,,,"Not applicable"
"Yemen, Arab Republic",2014,,,"Not applicable"
"Yemen, Arab Republic",2015,,,"Not applicable"
"Yemen, Arab Republic",2016,,,"Not applicable"
"Yemen, Arab Republic",2017,,,"Not applicable"
"Yemen, Arab Republic",2018,,,"Not applicable"
"Yemen, Arab Republic",2019,,,"Not applicable"
"Yemen, Arab Republic",2020,,,"Not applicable"
"Yemen, Democratic",2010,,,"Not applicable"
"Yemen, Democratic",2011,,,"Not applicable"
"Yemen, Democratic",2012,,,"Not applicable"
"Yemen, Democratic",2013,,,"Not applicable"
"Yemen, Democratic",2014,,,"Not applicable"
"Yemen, Democratic",2015,,,"Not applicable"
"Yemen, Democratic",2016,,,"Not applicable"
"Yemen, Democratic",2017,,,"Not applicable"
"Yemen, Democratic",2018,,,"Not applicable"
"Yemen, Democratic",2019,,,"Not applicable"
"Yemen, Democratic",2020,,,"Not applicable"
"Yugoslavia, Soc. Fed. Rep. of",2010,,,"Not applicable"
"Yugoslavia, Soc. Fed. Rep. of",2011,,,"Not applicable"
"Yugoslavia, Soc. Fed. Rep. of",2012,,,"Not applicable"
"Yugoslavia, Soc. Fed. Rep. of",2013,,,"Not applicable"
"Yugoslavia, Soc. Fed. Rep. of",2014,,,"Not applicable"
"Yugoslavia, Soc. Fed. Rep. of",2015,,,"Not applicable"
"Yugoslavia, Soc. Fed. Rep. of",2016,,,"Not applicable"
"Yugoslavia, Soc. Fed. Rep. of",2017,,,"Not applicable"
"Yugoslavia, Soc. Fed. Rep. of",2018,,,"Not applicable"
"Yugoslavia, Soc. Fed. Rep. of",2019,,,"Not applicable"
"Yugoslavia, Soc. Fed. Rep. of",2020,,,"Not applicable"
"Zambia",2010,18874,,
"Zambia",2011,22274,,
"Zambia",2012,25141,,
"Zambia",2013,26863,,
"Zambia",2014,25589,,
"Zambia",2015,20895,,
"Zambia",2016,20303,,
"Zambia",2017,25056,,
"Zambia",2018,25885,,
"Zambia",2019,22910,,
"Zambia",2020,17800,,
"Zimbabwe",2010,10614,,
"Zimbabwe",2011,12102,,
"Zimbabwe",2012,14901,,
"Zimbabwe",2013,17213,,
"Zimbabwe",2014,17643,,
"Zimbabwe",2015,17981,,
"Zimbabwe",2016,18773,,
"Zimbabwe",2017,20080,,
"Zimbabwe",2018,22707,,
"Zimbabwe",2019,21550,,
"Zimbabwe",2020,21431,,
