Economy_Label,CargoType_Label,2016_Metric_tons_in_thousands_Value,2017_Metric_tons_in_thousands_Value,2018_Metric_tons_in_thousands_Value,2019_Metric_tons_in_thousands_Value,2020_Metric_tons_in_thousands_Value,2021_Metric_tons_in_thousands_Value
"Individual economies","Total goods loaded",,,,,,
"Individual economies","Total goods discharged",,,,,,
"Afghanistan","Total goods loaded",1035,1028,1388,1482,755,1604
"Afghanistan","Total goods discharged",4301,6533,6255,9226,8191,8555
"Albania","Total goods loaded",1749,1591,1713,1848,1722,1767
"Albania","Total goods discharged",2113,1536,1480,1779,2147,1954
"Algeria","Total goods loaded",85618,82100,82380,76069,63367,79827
"Algeria","Total goods discharged",31537,30424,28299,29371,24108,22629
"American Samoa","Total goods loaded",57,19,78,23,15,37
"American Samoa","Total goods discharged",251,189,151,193,131,138
"Andorra","Total goods loaded",,,,,,
"Andorra","Total goods discharged",97,106,109,102,84,90
"Angola","Total goods loaded",82557,83036,77912,72033,64070,59579
"Angola","Total goods discharged",10205,9438,9180,8436,5761,7194
"Anguilla","Total goods loaded",7,5,9,6,3,5
"Anguilla","Total goods discharged",99,107,116,117,118,126
"Antigua and Barbuda","Total goods loaded",226,200,234,282,195,316
"Antigua and Barbuda","Total goods discharged",250,366,232,222,271,339
"Argentina","Total goods loaded",98302,95869,84646,110499,107053,106540
"Argentina","Total goods discharged",28897,31897,32899,24425,24608,31690
"Armenia","Total goods loaded",465,487,477,628,704,642
"Armenia","Total goods discharged",1824,2046,2101,2321,2378,2479
"Aruba","Total goods loaded",392,373,116,178,415,424
"Aruba","Total goods discharged",508,520,555,654,453,490
"Australia","Total goods loaded",1370066,1411881,1444892,1429915,1448799,1455984
"Australia","Total goods discharged",93843,104172,107248,104217,95083,103070
"Austria","Total goods loaded",47022,47956,47263,49120,46645,48018
"Austria","Total goods discharged",48375,49498,46089,46268,44517,44444
"Azerbaijan","Total goods loaded",33751,34750,33864,29783,28325,33720
"Azerbaijan","Total goods discharged",2502,2493,3099,3898,2591,2901
"Bahamas","Total goods loaded",3507,3622,4291,4132,5232,4705
"Bahamas","Total goods discharged",1279,1700,3461,3474,1750,2235
"Bahrain","Total goods loaded",10955,13319,16739,20820,15927,19027
"Bahrain","Total goods discharged",19995,22007,25963,25944,22888,18984
"Bangladesh","Total goods loaded",2528,2560,2645,2682,2688,3465
"Bangladesh","Total goods discharged",49342,56659,59464,63331,67192,68396
"Barbados","Total goods loaded",494,521,472,394,302,362
"Barbados","Total goods discharged",1146,1126,1195,1022,1160,1163
"Belarus","Total goods loaded",26805,29512,29219,29486,30137,31544
"Belarus","Total goods discharged",43263,47052,49414,48583,39037,12370
"Belgium","Total goods loaded",177217,192041,182836,181100,172180,188155
"Belgium","Total goods discharged",192102,199974,206951,196435,181490,198932
"Belize","Total goods loaded",428,406,407,574,792,376
"Belize","Total goods discharged",900,876,911,1020,848,970
"Benin","Total goods loaded",455,504,629,890,871,956
"Benin","Total goods discharged",4143,4764,4826,4709,4142,4949
"Bermuda","Total goods loaded",285,149,222,106,115,61
"Bermuda","Total goods discharged",421,494,441,408,281,282
"Bhutan","Total goods loaded",139,200,376,440,307,359
"Bhutan","Total goods discharged",,,,,,
"Bolivia (Plurinational State of)","Total goods loaded",8704,8021,7781,7436,7123,7076
"Bolivia (Plurinational State of)","Total goods discharged",3984,4101,3961,3921,2715,3895
"Bonaire, Sint Eustatius and Saba","Total goods loaded",61,140,94,280,108,236
"Bonaire, Sint Eustatius and Saba","Total goods discharged",1440,922,1105,850,669,958
"Bosnia and Herzegovina","Total goods loaded",3934,4247,4199,4010,3638,4233
"Bosnia and Herzegovina","Total goods discharged",5450,5578,5531,5097,4686,5002
"Botswana","Total goods loaded",510,511,524,519,530,617
"Botswana","Total goods discharged",2587,2415,2606,2715,2712,2856
"Bouvet Island","Total goods loaded",1,0,0,0,0,0
"Bouvet Island","Total goods discharged",0,0,0,0,0,0
"Brazil","Total goods loaded",630304,656496,678649,669650,673832,677201
"Brazil","Total goods discharged",124996,137084,141342,143487,133487,166675
"British Antarctic Territory","Total goods loaded",,0,0,0,0,0
"British Antarctic Territory","Total goods discharged",0,,,,,0
"British Indian Ocean Territory","Total goods loaded",3,6,6,137,4,1
"British Indian Ocean Territory","Total goods discharged",43,128,71,42,15,46
"British Virgin Islands","Total goods loaded",153,203,380,108,93,72
"British Virgin Islands","Total goods discharged",676,640,664,499,433,482
"Brunei Darussalam","Total goods loaded",12524,12667,12500,13514,18991,18222
"Brunei Darussalam","Total goods discharged",2779,3224,3023,4610,6535,11051
"Bulgaria","Total goods loaded",15729,16378,14758,16834,15489,15572
"Bulgaria","Total goods discharged",16128,16967,16046,17727,16177,16671
"Burkina Faso","Total goods loaded",295,281,267,556,260,266
"Burkina Faso","Total goods discharged",2302,2547,2675,2454,2763,2949
"Burundi","Total goods loaded",24,18,33,26,36,23
"Burundi","Total goods discharged",334,395,437,474,509,528
"Cabo Verde","Total goods loaded",37,30,36,37,31,36
"Cabo Verde","Total goods discharged",842,879,884,2048,1704,1699
"Cambodia","Total goods loaded",,,,,,
"Cambodia","Total goods discharged",6744,5956,6832,13138,11514,10597
"Cameroon","Total goods loaded",5592,5023,5235,7058,7253,6446
"Cameroon","Total goods discharged",4117,4591,4771,5752,5163,5518
"Canada","Total goods loaded",216206,224641,230569,239057,255196,252850
"Canada","Total goods discharged",75944,81129,97889,94296,82498,89564
"Cayman Islands","Total goods loaded",72,197,71,70,78,157
"Cayman Islands","Total goods discharged",,,,,589,737
"Central African Republic","Total goods loaded",103,115,65,49,58,51
"Central African Republic","Total goods discharged",70,79,82,161,145,88
"Chad","Total goods loaded",5475,2927,2877,2154,4053,3988
"Chad","Total goods discharged",174,119,223,224,223,206
"Chile","Total goods loaded",59468,55588,61225,54176,57297,59792
"Chile","Total goods discharged",51237,51450,54622,54678,50792,58993
"China","Total goods loaded",493558,478634,480021,481580,451359,513685
"China","Total goods discharged",2098203,2331312,2411151,2509507,2760376,2666686
"China, Hong Kong SAR","Total goods loaded",6109,6577,6439,6215,6146,6862
"China, Hong Kong SAR","Total goods discharged",49071,62143,60000,57833,47836,46162
"China, Macao SAR","Total goods loaded",182,192,134,126,92,96
"China, Macao SAR","Total goods discharged",2083,2796,3190,2245,4074,5417
"China, Taiwan Province of","Total goods loaded",59684,60188,61285,62834,58395,61816
"China, Taiwan Province of","Total goods discharged",250001,252784,252865,242683,230665,248272
"Christmas Island","Total goods loaded",144,141,162,101,59,54
"Christmas Island","Total goods discharged",22,19,21,17,17,18
"Cocos (Keeling) Islands","Total goods loaded",2,1,1,0,1,1
"Cocos (Keeling) Islands","Total goods discharged",1,1,1,1,2,3
"Colombia","Total goods loaded",138359,128288,123609,115342,103394,98454
"Colombia","Total goods discharged",34103,31469,31718,33935,30777,33117
"Comoros","Total goods loaded",,,,,,
"Comoros","Total goods discharged",319,411,367,390,448,608
"Congo","Total goods loaded",10940,12497,17013,17093,13566,13781
"Congo","Total goods discharged",3006,2147,1554,1327,1485,1394
"Cook Islands","Total goods loaded",11,9,6,5,4,4
"Cook Islands","Total goods discharged",,,,,,
"Costa Rica","Total goods loaded",5678,6141,6464,6583,5996,6922
"Costa Rica","Total goods discharged",9670,9935,9939,9748,9006,9986
"Cote d'Ivoire","Total goods loaded",5867,6204,6037,6774,6118,6552
"Cote d'Ivoire","Total goods discharged",12392,13573,14655,14072,15489,17218
"Croatia","Total goods loaded",7866,8535,8614,8209,8920,10483
"Croatia","Total goods discharged",12814,13244,13193,13672,13025,14566
"Cuba","Total goods loaded",1240,1842,1113,1477,1710,971
"Cuba","Total goods discharged",8470,9596,10296,8938,8399,8356
"Curacao","Total goods loaded",3100,2398,1139,844,909,1204
"Curacao","Total goods discharged",2701,1254,2025,518,608,690
"Cyprus","Total goods loaded",4015,4805,4760,4360,5097,3985
"Cyprus","Total goods discharged",6235,6896,7180,6597,6227,6414
"Czechia","Total goods loaded",23486,24698,25439,26042,26784,28200
"Czechia","Total goods discharged",42396,45203,45230,44700,40306,45126
"Dem. People's Rep. of Korea","Total goods loaded",4724,3530,264,240,142,213
"Dem. People's Rep. of Korea","Total goods discharged",3545,3109,2040,2670,991,406
"Dem. Rep. of the Congo","Total goods loaded",1723,2151,1964,2331,2907,3151
"Dem. Rep. of the Congo","Total goods discharged",3754,3662,4564,5192,5024,5799
"Denmark","Total goods loaded",27013,27582,27349,25874,26479,26982
"Denmark","Total goods discharged",32920,34721,37532,35761,34765,36566
"Djibouti","Total goods loaded",,,,,,
"Djibouti","Total goods discharged",293,575,1357,792,996,3638
"Dominica","Total goods loaded",107,60,100,121,126,96
"Dominica","Total goods discharged",157,177,196,220,134,130
"Dominican Republic","Total goods loaded",2391,2456,2421,2600,2315,2853
"Dominican Republic","Total goods discharged",16315,16232,17843,19277,17548,20751
"Ecuador","Total goods loaded",29367,27302,25617,27572,28816,29721
"Ecuador","Total goods discharged",13305,15027,16210,16528,14619,17942
"Egypt","Total goods loaded",30214,35834,39988,46070,45312,52340
"Egypt","Total goods discharged",56466,64842,69675,57839,56515,61285
"El Salvador","Total goods loaded",1894,2153,2078,2141,2010,2137
"El Salvador","Total goods discharged",6080,6211,6442,6808,5954,7328
"Equatorial Guinea","Total goods loaded",13776,12842,13160,11320,9470,10120
"Equatorial Guinea","Total goods discharged",833,680,722,607,795,618
"Eritrea","Total goods loaded",43,86,79,83,89,85
"Eritrea","Total goods discharged",,,,,,
"Estonia","Total goods loaded",9157,9871,10391,10702,9458,10497
"Estonia","Total goods discharged",7134,7253,8383,8376,8719,9533
"Eswatini","Total goods loaded",748,816,833,981,882,797
"Eswatini","Total goods discharged",659,711,684,718,680,758
"Ethiopia","Total goods loaded",591,651,648,770,679,642
"Ethiopia","Total goods discharged",8429,7146,6418,8172,8476,6271
"Falkland Islands (Malvinas)","Total goods loaded",54,69,89,102,75,85
"Falkland Islands (Malvinas)","Total goods discharged",53,58,56,43,62,52
"Faroe Islands","Total goods loaded",523,544,516,541,522,543
"Faroe Islands","Total goods discharged",,,,,,
"Fiji","Total goods loaded",1119,1172,1065,1149,1105,1125
"Fiji","Total goods discharged",2060,2088,2032,1988,1627,1472
"Finland","Total goods loaded",38617,38280,40124,41271,37780,37513
"Finland","Total goods discharged",48578,46639,49292,42484,44602,43453
"France","Total goods loaded",128511,130955,132510,129020,113363,121585
"France","Total goods discharged",268208,291907,263322,283499,243586,277701
"French Polynesia","Total goods loaded",23,19,28,29,22,24
"French Polynesia","Total goods discharged",708,720,762,780,743,860
"French Southern Territories","Total goods loaded",1,1,1,2,4,1
"French Southern Territories","Total goods discharged",9,11,7,8,21,6
"Gabon","Total goods loaded",13216,12007,11277,12088,10150,11032
"Gabon","Total goods discharged",1798,1343,1580,1823,1374,1406
"Gambia","Total goods loaded",189,229,108,196,132,127
"Gambia","Total goods discharged",1102,1121,1194,1246,1496,1397
"Georgia","Total goods loaded",1336,1480,1467,1637,1818,2467
"Georgia","Total goods discharged",3435,3705,3917,4238,3991,3879
"Germany","Total goods loaded",283689,297965,302457,265627,295122,311509
"Germany","Total goods discharged",581043,567412,580453,587491,546781,566558
"Ghana","Total goods loaded",6061,8834,11113,12327,11311,10439
"Ghana","Total goods discharged",5230,6948,6151,6756,6530,8850
"Gibraltar","Total goods loaded",358,133,127,46,178,70
"Gibraltar","Total goods discharged",19751,14453,11907,11270,16845,12290
"Greece","Total goods loaded",24469,28890,29411,29176,29375,32038
"Greece","Total goods discharged",48818,49623,52526,50056,48663,52997
"Greenland","Total goods loaded",246,277,278,260,275,315
"Greenland","Total goods discharged",333,344,294,290,413,315
"Grenada","Total goods loaded",22,24,26,23,19,21
"Grenada","Total goods discharged",291,274,268,304,254,308
"Guam","Total goods loaded",,,,,,
"Guam","Total goods discharged",1029,937,1185,1211,1049,1134
"Guatemala","Total goods loaded",6025,6093,5736,5838,5600,6084
"Guatemala","Total goods discharged",14343,14236,15042,17053,15558,18612
"Guinea","Total goods loaded",10151,16610,19013,20771,24929,22830
"Guinea","Total goods discharged",2713,2344,1989,1989,2149,2053
"Guinea-Bissau","Total goods loaded",202,139,73,130,156,164
"Guinea-Bissau","Total goods discharged",216,334,291,267,243,247
"Guyana","Total goods loaded",2227,2623,2856,2854,4784,7440
"Guyana","Total goods discharged",1455,1717,2144,2482,3432,3035
"Haiti","Total goods loaded",141,152,175,128,162,197
"Haiti","Total goods discharged",2602,3421,3063,3113,4545,4295
"Heard Island and McDonald Islands","Total goods loaded",0,0,0,0,0,0
"Heard Island and McDonald Islands","Total goods discharged",0,0,1,0,1,0
"Holy See","Total goods loaded",1,1,3,3,2,3
"Holy See","Total goods discharged",1,4,2,1,1,1
"Honduras","Total goods loaded",1962,2207,2277,2348,2252,2213
"Honduras","Total goods discharged",6187,6641,7255,7296,6704,8287
"Hungary","Total goods loaded",21430,22901,22311,24035,24919,23351
"Hungary","Total goods discharged",25320,28054,28115,31374,28629,28309
"Iceland","Total goods loaded",1278,1391,2352,1471,1256,1355
"Iceland","Total goods discharged",4714,5032,5324,4610,4035,4350
"India","Total goods loaded",123606,143596,136924,143293,155010,169667
"India","Total goods discharged",540760,556258,608474,624659,565652,598750
"Indonesia","Total goods loaded",428485,508525,544252,583558,570758,600041
"Indonesia","Total goods discharged",141601,149449,158704,148045,139097,162602
"Indonesia (...2002)","Total goods loaded",,,,,,
"Indonesia (...2002)","Total goods discharged",,,,,,
"Iran (Islamic Republic of)","Total goods loaded",117902,142079,122733,50360,20637,14656
"Iran (Islamic Republic of)","Total goods discharged",18157,18277,14188,15546,14402,16810
"Iraq","Total goods loaded",168528,179500,193980,196043,179328,173721
"Iraq","Total goods discharged",5771,6112,6432,6758,7110,7472
"Ireland","Total goods loaded",17383,17878,18916,19317,18743,20116
"Ireland","Total goods discharged",33448,35099,38085,35463,34356,24123
"Israel","Total goods loaded",15630,16763,16824,15826,14946,15986
"Israel","Total goods discharged",33667,39539,37007,35396,33614,36891
"Italy","Total goods loaded",94850,103740,102331,101491,94074,102490
"Italy","Total goods discharged",249831,256812,254236,249983,218552,243953
"Jamaica","Total goods loaded",6319,5713,6098,6152,5138,4603
"Jamaica","Total goods discharged",4732,6208,6124,6598,5377,5998
"Japan","Total goods loaded",179037,172893,168893,164367,148803,154977
"Japan","Total goods discharged",770897,771677,762539,740478,667206,704186
"Jordan","Total goods loaded",4845,5474,5078,5689,6056,6701
"Jordan","Total goods discharged",13960,12650,12723,12355,8315,8468
"Kazakhstan","Total goods loaded",85449,96513,97164,101430,105289,94451
"Kazakhstan","Total goods discharged",17386,19478,25822,26045,25422,19148
"Kenya","Total goods loaded",2166,2138,2235,2117,2417,2774
"Kenya","Total goods discharged",12478,14406,13510,15166,14649,15546
"Kiribati","Total goods loaded",88,85,68,58,69,66
"Kiribati","Total goods discharged",119,66,68,73,96,104
"Kuwait","Total goods loaded",134050,132340,136309,129303,123000,119938
"Kuwait","Total goods discharged",17796,17487,19652,20479,14953,15804
"Kyrgyzstan","Total goods loaded",282,332,446,459,392,434
"Kyrgyzstan","Total goods discharged",1698,2338,2483,2344,2085,2777
"Lao People's Dem. Rep.","Total goods loaded",1758,2097,2299,3062,3535,4664
"Lao People's Dem. Rep.","Total goods discharged",3289,3580,4137,5181,5226,6384
"Latvia","Total goods loaded",12773,12717,14112,12836,13880,14266
"Latvia","Total goods discharged",4081,4225,4835,4642,4977,5099
"Lebanon","Total goods loaded",,,,,,
"Lebanon","Total goods discharged",13058,14179,11362,15741,10855,9267
"Lesotho","Total goods loaded",146,132,108,128,126,123
"Lesotho","Total goods discharged",996,415,1013,1011,981,1113
"Liberia","Total goods loaded",1913,1317,2730,2850,3576,3143
"Liberia","Total goods discharged",5876,5638,6546,8493,9913,10819
"Libya","Total goods loaded",20861,42908,54355,56838,20125,60469
"Libya","Total goods discharged",7050,6419,7897,9301,7551,7804
"Lithuania","Total goods loaded",20722,21562,20025,20358,22227,22806
"Lithuania","Total goods discharged",21647,22725,22697,23612,21480,21902
"Luxembourg","Total goods loaded",8540,7856,7842,7724,7496,7838
"Luxembourg","Total goods discharged",12468,12479,13324,13020,11670,12967
"Madagascar","Total goods loaded",817,1162,1012,1039,1063,1273
"Madagascar","Total goods discharged",5525,6144,6022,6624,4685,6394
"Malawi","Total goods loaded",168,138,116,132,160,175
"Malawi","Total goods discharged",358,366,289,271,285,268
"Malaysia","Total goods loaded",182339,273564,244273,202353,227359,284049
"Malaysia","Total goods discharged",134571,151033,157249,158843,153024,152122
"Maldives","Total goods loaded",191,352,136,145,97,180
"Maldives","Total goods discharged",3981,3326,4850,4011,2692,3196
"Mali","Total goods loaded",216,220,159,154,249,351
"Mali","Total goods discharged",2668,2889,2858,3257,3423,3576
"Malta","Total goods loaded",5052,6221,5467,4995,3672,5125
"Malta","Total goods discharged",7033,6706,6050,6553,4513,4251
"Marshall Islands","Total goods loaded",984,705,686,870,506,1235
"Marshall Islands","Total goods discharged",8630,7514,6291,6617,8473,7957
"Mauritania","Total goods loaded",5072,5031,4998,6336,5595,5722
"Mauritania","Total goods discharged",2479,3042,3626,3921,4028,3737
"Mauritius","Total goods loaded",1444,1169,1195,1299,1187,1163
"Mauritius","Total goods discharged",4891,5759,4800,5280,4315,4640
"Mexico","Total goods loaded",138915,125362,129051,130413,140372,145562
"Mexico","Total goods discharged",117234,134879,143843,141840,120092,168718
"Micronesia (Federated States of)","Total goods loaded",43,53,74,96,84,138
"Micronesia (Federated States of)","Total goods discharged",,,,,,
"Mongolia","Total goods loaded",6380,14364,15141,15475,12624,8679
"Mongolia","Total goods discharged",1455,1560,1970,2259,2456,2304
"Montenegro","Total goods loaded",254,365,316,347,370,640
"Montenegro","Total goods discharged",1137,1266,1399,1383,1210,1215
"Montserrat","Total goods loaded",12,27,46,34,28,49
"Montserrat","Total goods discharged",26,22,22,19,19,19
"Morocco","Total goods loaded",17233,19840,20945,20807,22231,22699
"Morocco","Total goods discharged",41962,45597,47433,50041,48426,50171
"Mozambique","Total goods loaded",9458,12681,12887,11556,8350,9293
"Mozambique","Total goods discharged",4499,4039,6167,6344,5862,7241
"Myanmar","Total goods loaded",8264,6659,9261,11054,12663,7929
"Myanmar","Total goods discharged",12595,18772,18750,18364,19570,13239
"Namibia","Total goods loaded",1000,1007,1322,1250,1146,1476
"Namibia","Total goods discharged",2388,2542,2630,3264,2866,2966
"Nauru","Total goods loaded",100,135,62,93,184,361
"Nauru","Total goods discharged",21,17,163,82,110,47
"Nepal","Total goods loaded",147,163,156,321,248,441
"Nepal","Total goods discharged",6296,6845,8503,8250,7490,10741
"Netherlands (Kingdom of the)","Total goods loaded",264446,264863,261362,262462,245709,267072
"Netherlands (Kingdom of the)","Total goods discharged",288051,286784,289731,289575,267458,293303
"Netherlands Antilles","Total goods loaded",,,,,,
"Netherlands Antilles","Total goods discharged",,,,,,
"New Caledonia","Total goods loaded",3204,3229,3811,4006,3665,4256
"New Caledonia","Total goods discharged",2412,2346,2537,2491,2525,2366
"New Zealand","Total goods loaded",38891,36191,38637,38825,34482,37787
"New Zealand","Total goods discharged",20473,22602,23218,22453,20839,22244
"Nicaragua","Total goods loaded",1177,1289,1420,1459,1455,1552
"Nicaragua","Total goods discharged",4354,4337,4352,4326,4247,6092
"Niger","Total goods loaded",192,350,264,484,528,633
"Niger","Total goods discharged",495,566,568,692,791,713
"Nigeria","Total goods loaded",99553,104339,108665,111726,104171,98620
"Nigeria","Total goods discharged",25351,27983,17400,25050,41655,25332
"Niue","Total goods loaded",0,81,227,98,110,2
"Niue","Total goods discharged",11,9,10,9,14,12
"Norfolk Island","Total goods loaded",1,2,2,2,2,2
"Norfolk Island","Total goods discharged",10,48,9,11,19,10
"North Macedonia","Total goods loaded",897,931,1026,997,943,1005
"North Macedonia","Total goods discharged",3380,3402,3431,3670,3483,3791
"Northern Mariana Islands","Total goods loaded",2,5,5,6,6,5
"Northern Mariana Islands","Total goods discharged",94,78,93,107,136,47
"Norway","Total goods loaded",150610,157763,149128,143622,144352,155391
"Norway","Total goods discharged",24986,26811,28534,28434,28014,28301
"Oman","Total goods loaded",68888,67594,75552,80646,90043,110326
"Oman","Total goods discharged",22947,24536,22095,22061,25282,27609
"Pakistan","Total goods loaded",10830,12098,14306,14173,13944,15442
"Pakistan","Total goods discharged",49311,66659,71980,66854,70474,83946
"Palau","Total goods loaded",4,11,17,5,38,5
"Palau","Total goods discharged",75,114,103,,,
"Panama","Total goods loaded",3935,4634,3984,4304,3283,3815
"Panama","Total goods discharged",5437,5391,5490,6291,4459,5740
"Papua New Guinea","Total goods loaded",14424,15704,14212,16376,15729,14433
"Papua New Guinea","Total goods discharged",3448,2939,3345,4023,2743,3505
"Paraguay","Total goods loaded",8152,8666,8386,7523,7360,7000
"Paraguay","Total goods discharged",5084,5706,6306,5854,5906,6796
"Peru","Total goods loaded",37794,41802,45335,46717,42207,47912
"Peru","Total goods discharged",31977,35173,35472,34716,30488,36479
"Philippines","Total goods loaded",20293,22299,20567,24506,21247,24587
"Philippines","Total goods discharged",95896,106626,110497,124136,107478,120021
"Pitcairn","Total goods loaded",2,1,6,0,2,2
"Pitcairn","Total goods discharged",1,1,1,7,2,2
"Poland","Total goods loaded",78519,79166,79875,77702,76278,83877
"Poland","Total goods discharged",96611,105635,121411,110513,109353,117215
"Portugal","Total goods loaded",22020,22859,20725,21046,20530,21401
"Portugal","Total goods discharged",39941,43281,44985,41843,35762,38058
"Qatar","Total goods loaded",152091,144868,148397,143604,140940,144212
"Qatar","Total goods discharged",10389,10828,9609,9294,7194,7322
"Republic of Korea","Total goods loaded",179063,181669,180229,184282,178260,177951
"Republic of Korea","Total goods discharged",553981,571579,580138,564222,522087,546555
"Republic of Moldova","Total goods loaded",1380,1770,1746,2033,1515,1814
"Republic of Moldova","Total goods discharged",792,816,894,863,976,1208
"Romania","Total goods loaded",27693,27434,29826,29380,26493,29375
"Romania","Total goods discharged",41685,42062,44109,46869,46329,51800
"Russian Federation","Total goods loaded",778916,815505,864966,858596,853635,849589
"Russian Federation","Total goods discharged",94330,105740,102140,101780,97922,104847
"Rwanda","Total goods loaded",,,,,,
"Rwanda","Total goods discharged",1180,1408,1416,1629,1780,1707
"Saint Barthelemy","Total goods loaded",13,49,12,60,68,50
"Saint Barthelemy","Total goods discharged",44,47,115,77,28,13
"Saint Helena","Total goods loaded",2,7,2,2,1,2
"Saint Helena","Total goods discharged",32,22,21,18,31,28
"Saint Kitts and Nevis","Total goods loaded",54,32,29,13,20,12
"Saint Kitts and Nevis","Total goods discharged",139,124,119,114,118,118
"Saint Lucia","Total goods loaded",339,202,296,255,176,237
"Saint Lucia","Total goods discharged",358,422,364,322,330,442
"Saint Pierre and Miquelon","Total goods loaded",4,1,2,2,3,2
"Saint Pierre and Miquelon","Total goods discharged",41,26,11,10,15,33
"Saint Vincent and the Grenadines","Total goods loaded",209,305,255,274,287,68
"Saint Vincent and the Grenadines","Total goods discharged",307,272,275,267,278,278
"Samoa","Total goods loaded",,,,,,
"Samoa","Total goods discharged",250,327,321,354,302,325
"San Marino","Total goods loaded",17,11,18,18,19,14
"San Marino","Total goods discharged",62,60,60,60,47,67
"Sao Tome and Principe","Total goods loaded",15,11,7,4,8,10
"Sao Tome and Principe","Total goods discharged",111,109,108,110,120,130
"Saudi Arabia","Total goods loaded",449310,438644,455583,447410,427644,418506
"Saudi Arabia","Total goods discharged",49053,49157,47000,53235,57371,60052
"Senegal","Total goods loaded",2802,3352,3255,3703,3386,3559
"Senegal","Total goods discharged",6121,7276,8213,8107,8769,8950
"Serbia","Total goods loaded",4926,5527,5527,6018,5916,6404
"Serbia","Total goods discharged",8637,9821,10309,10817,10606,11332
"Serbia and Montenegro","Total goods loaded",,,,,,
"Serbia and Montenegro","Total goods discharged",,,,,,
"Seychelles","Total goods loaded",226,306,251,235,233,259
"Seychelles","Total goods discharged",439,549,618,572,753,838
"Sierra Leone","Total goods loaded",1014,1991,693,556,574,824
"Sierra Leone","Total goods discharged",909,1253,911,1110,1288,1406
"Singapore","Total goods loaded",106960,125516,125022,117230,107264,110976
"Singapore","Total goods discharged",228420,306423,264264,202834,194656,239503
"Sint Maarten (Dutch part)","Total goods loaded",20,27,20,26,16,51
"Sint Maarten (Dutch part)","Total goods discharged",158,165,220,184,138,179
"Slovakia","Total goods loaded",20505,20890,21286,19920,19539,20988
"Slovakia","Total goods discharged",21893,22501,23208,24692,24492,26036
"Slovenia","Total goods loaded",11574,11750,12552,12388,11879,12450
"Slovenia","Total goods discharged",10774,11404,11642,12394,10932,11037
"Solomon Islands","Total goods loaded",1954,2603,2568,2302,1872,1604
"Solomon Islands","Total goods discharged",313,561,411,,,
"Somalia","Total goods loaded",64,56,46,53,56,84
"Somalia","Total goods discharged",2496,2615,2593,3040,3334,3322
"South Africa","Total goods loaded",108002,123407,121310,123294,115597,125368
"South Africa","Total goods discharged",57008,54857,57848,56485,49874,57197
"South Georgia and the South Sandwich Islands","Total goods loaded",0,0,0,0,0,0
"South Georgia and the South Sandwich Islands","Total goods discharged",0,1,0,0,0,0
"South Sudan","Total goods loaded",4535,3581,3630,3595,2122,1082
"South Sudan","Total goods discharged",520,507,764,726,972,1072
"Spain","Total goods loaded",105761,114039,114854,116232,111442,118923
"Spain","Total goods discharged",200523,219879,220421,212819,181036,198809
"Sri Lanka","Total goods loaded",2274,2267,2357,2314,2375,3035
"Sri Lanka","Total goods discharged",15805,22925,18818,22077,18444,17392
"State of Palestine","Total goods loaded",75,116,125,123,105,105
"State of Palestine","Total goods discharged",1796,2307,2359,2261,2019,2247
"Sudan","Total goods loaded",2061,3074,3194,2599,1990,1645
"Sudan","Total goods discharged",11511,7227,10266,10255,12132,12874
"Sudan (...2011)","Total goods loaded",,,,,,
"Sudan (...2011)","Total goods discharged",,,,,,
"Suriname","Total goods loaded",866,829,1055,937,865,864
"Suriname","Total goods discharged",957,948,818,1001,1105,1024
"Sweden","Total goods loaded",67641,69071,69404,62740,66249,68437
"Sweden","Total goods discharged",67801,67548,72478,67853,63794,64069
"Switzerland","Total goods loaded",20183,23738,18194,19115,19190,20961
"Switzerland","Total goods discharged",17627,17368,16931,16637,16126,16372
"Syrian Arab Republic","Total goods loaded",427,385,368,337,454,577
"Syrian Arab Republic","Total goods discharged",,,,,,
"Tajikistan","Total goods loaded",173,320,360,355,307,316
"Tajikistan","Total goods discharged",1589,1200,1514,1443,1466,1869
"Thailand","Total goods loaded",78459,87320,91097,86934,77534,84895
"Thailand","Total goods discharged",139607,141981,168174,137806,151413,170167
"Timor-Leste","Total goods loaded",92,153,89,193,226,488
"Timor-Leste","Total goods discharged",757,936,798,882,843,913
"Togo","Total goods loaded",2349,3448,3574,4004,3216,4599
"Togo","Total goods discharged",2263,2340,2213,2381,3767,3394
"Tokelau","Total goods loaded",9,117,14,9,48,7
"Tokelau","Total goods discharged",10,133,8,5,6,3
"Tonga","Total goods loaded",11,12,9,10,9,12
"Tonga","Total goods discharged",,,,,,
"Trinidad and Tobago","Total goods loaded",26992,26575,28298,30529,27117,26286
"Trinidad and Tobago","Total goods discharged",9715,8463,8519,5974,3618,3863
"Tunisia","Total goods loaded",5890,5765,7278,6749,5944,6922
"Tunisia","Total goods discharged",13152,13179,13120,12548,12265,13516
"Turkiye","Total goods loaded",57701,63638,77870,89464,90241,103876
"Turkiye","Total goods discharged",178435,192436,186266,181036,190656,196901
"Turkmenistan","Total goods loaded",25822,27386,20113,34042,41586,22122
"Turkmenistan","Total goods discharged",369,366,418,450,589,532
"Turks and Caicos Islands","Total goods loaded",36,12,51,191,165,60
"Turks and Caicos Islands","Total goods discharged",,,,,,
"Tuvalu","Total goods loaded",7,5,18,14,9,20
"Tuvalu","Total goods discharged",,,,,,
"Uganda","Total goods loaded",591,659,849,839,968,1113
"Uganda","Total goods discharged",3629,4012,3883,4089,4257,4814
"Ukraine","Total goods loaded",77505,78906,81712,85873,80516,82541
"Ukraine","Total goods discharged",47437,55694,54854,56383,46074,50406
"United Arab Emirates","Total goods loaded",235710,244808,251286,271373,262186,292784
"United Arab Emirates","Total goods discharged",61375,69301,77234,148421,145573,107853
"United Kingdom","Total goods loaded",152688,161216,152812,150410,136777,127216
"United Kingdom","Total goods discharged",272828,281208,284055,275505,242966,256853
"United Republic of Tanzania","Total goods loaded",1078,1192,1159,1319,1366,1604
"United Republic of Tanzania","Total goods discharged",6923,6983,7033,7920,8217,8922
"United States","Total goods loaded",614934,689609,773745,774125,774287,883911
"United States","Total goods discharged",740625,628947,618126,573637,595865,665927
"United States Minor Outlying Islands","Total goods loaded",1,2,1,41,4,1
"United States Minor Outlying Islands","Total goods discharged",6,9,5,61,30,56
"Uruguay","Total goods loaded",,,,,,
"Uruguay","Total goods discharged",5872,5671,6335,5906,6032,6979
"Uzbekistan","Total goods loaded",3401,3863,3191,5955,4927,3981
"Uzbekistan","Total goods discharged",3637,4002,5077,5945,6234,5111
"Vanuatu","Total goods loaded",145,115,134,75,95,114
"Vanuatu","Total goods discharged",218,236,219,196,208,227
"Venezuela (Bolivarian Rep. of)","Total goods loaded",115912,95404,74083,46159,21477,11344
"Venezuela (Bolivarian Rep. of)","Total goods discharged",,,,,,
"Viet Nam","Total goods loaded",63137,73877,82854,87002,93409,103729
"Viet Nam","Total goods discharged",104863,112102,116149,152029,166243,162920
"Wallis and Futuna Islands","Total goods loaded",0,0,1,0,0,0
"Wallis and Futuna Islands","Total goods discharged",,,,,,
"Western Sahara","Total goods loaded",0,5,0,10,7,12
"Western Sahara","Total goods discharged",2,28,0,48,9,14
"Yemen","Total goods loaded",674,2434,1905,2419,2371,2689
"Yemen","Total goods discharged",7209,7485,4876,7103,8859,9101
"Zambia","Total goods loaded",1258,1451,1632,1404,1274,1434
"Zambia","Total goods discharged",3368,3808,3473,3702,2979,3179
"Zimbabwe","Total goods loaded",614,595,813,715,868,1091
"Zimbabwe","Total goods discharged",2545,2175,2816,2259,2888,3086
