Economy_Label,Q1 2016_Index_Average_Q1_2023__100_Value,Q1 2017_Index_Average_Q1_2023__100_Value,Q1 2018_Index_Average_Q1_2023__100_Value,Q1 2019_Index_Average_Q1_2023__100_Value,Q1 2020_Index_Average_Q1_2023__100_Value,Q1 2021_Index_Average_Q1_2023__100_Value
"Albania",17.09,18.77,14.29,15.11,18.37,14.58
"Algeria",77.16,73.04,71.06,64.58,69.43,67.37
"American Samoa",25.4,25.4,25.86,25.73,28.66,28.39
"Angola",82.42,76.41,69.47,61.76,69.35,56.76
"Anguilla",15.92,18.31,18.3,13.99,13.99,13.99
"Antigua and Barbuda",20.11,15.53,19.03,14.85,18.43,18.43
"Argentina",101.04,101.87,105.25,99.67,96.12,96.61
"Aruba",32.41,23.63,30.66,32.92,28.98,31.5
"Australia",157.43,148.41,142.54,146.34,138.6,148.55
"Bahamas",74.59,75.14,72.57,73.19,84.83,87.9
"Bahrain",50.06,29.66,51.4,45.75,24.03,48.91
"Bangladesh",56.83,57.61,64.03,63.88,63.63,75.37
"Barbados",35.28,40.83,36.76,34.36,32.57,35.93
"Belgium",398.68,406.39,377.66,370.08,370.28,360.28
"Belize",27.42,29.65,28.3,29.35,27.67,22.43
"Benin",62.42,55.06,63.69,59.31,58.02,65.95
"Bermuda",7.77,7.77,7.77,7.77,7.98,7.98
"Bonaire, Sint Eustatius and Saba",19.99,11.6,11.6,9.87,9.87,9.8
"Brazil",128.55,115.79,120.01,115.84,117.55,119.26
"British Virgin Islands",11.73,20.04,22.86,20.37,21.94,17.62
"Brunei Darussalam",24.28,26.68,18.89,22,22.26,18.7
"Bulgaria",22.98,25.82,25.42,24.41,24.07,21.77
"Cabo Verde",14,11.87,19.69,20.05,11.87,11.64
"Cambodia",34.46,35.42,29.44,34.29,34.55,38.13
"Cameroon",56.82,59.88,55.08,70.68,53.89,63.84
"Canada",152.27,154.8,160.19,156.43,163.12,159.21
"Cayman Islands",6.67,6.67,6.67,8.79,8.79,8.46
"Chile",93.81,97.64,100.65,100.17,91.16,92.42
"China",924.42,901.94,965.65,985.63,1002.65,1045.98
"China, Hong Kong SAR",477.72,467.65,473.64,446.99,437.18,438.58
"China, Taiwan Province of",349.73,335.35,347.46,355.96,354.64,359.14
"Christmas Island",,4.34,4.34,4.34,4.34,4.34
"Colombia",196.66,182.42,180.71,165.8,173.39,181.87
"Comoros",20.39,14.71,15.47,18.73,20.55,15.98
"Congo",69.84,78.08,70.89,62.76,73.84,65.27
"Cook Islands",10.69,7.73,7.73,7.73,9.67,9.32
"Costa Rica",89.76,84.98,85.72,81.79,90.39,93.11
"Cote d'Ivoire",83.37,76.88,66.27,63.75,69.2,71.04
"Croatia",60.86,63.52,63.59,56.41,60.96,60.83
"Cuba",32.73,37.11,36.08,31.27,23.83,25.54
"Curacao",38.82,23.63,30.66,32.11,28.98,31.5
"Cyprus",57.05,52.58,47.88,55.78,56.63,52.98
"Dem. Rep. of the Congo",25.91,24.57,17.27,23.7,22.15,19.55
"Denmark",101.16,95.05,102.24,103.13,97.67,96.81
"Djibouti",84.77,84.69,88.35,77.08,73.96,74.52
"Dominica",24.57,18.22,18.22,21.77,25.37,25.37
"Dominican Republic",122.09,129.39,141.91,131.54,129.15,124.8
"Ecuador",103.01,102.69,101.51,103.69,111.92,105.91
"Egypt",250.63,228.82,223.87,219.55,213.25,215.19
"El Salvador",27.11,30.27,33.83,33.72,25.32,25.18
"Equatorial Guinea",21.57,32.53,32.73,34.98,35.76,35.53
"Eritrea",5.49,5.49,5.49,9.41,9.64,12.21
"Estonia",33.51,37.08,34.86,36.76,35.44,31.59
"Faroe Islands",13.76,13.76,14.9,16.17,13.72,17.04
"Fiji",39.87,41.02,42.91,37.5,37.59,35.79
"Finland",96.69,83.06,85.82,78.43,69.11,69.26
"France",298.93,279.85,288.44,286.29,284.98,278.79
"French Guiana",16.82,16.77,18.12,17.44,16.7,16.53
"French Polynesia",38.93,39.81,37.61,35.92,39.69,40.27
"Gabon",37.42,42.93,38.9,41.68,38.91,32.93
"Gambia",25.92,21.42,20.79,16.25,15.5,15.47
"Georgia",18.57,19.85,21.1,21.6,22.31,19.6
"Germany",405.58,381.03,374.1,357.05,345.98,337.95
"Ghana",88.57,80.03,75.27,74.99,93.57,108.08
"Gibraltar",7.01,7.01,7.01,5.36,7.39,7.39
"Greece",135.64,142.06,184.92,176.22,181.58,183.9
"Greenland",5.63,5.52,5.52,5.52,5.52,12.73
"Grenada",31.43,23.04,21.63,21.18,24.82,24.79
"Guadeloupe",41.31,45.53,43.26,43.26,48.91,52.09
"Guam",27.64,26.78,22.17,22.3,23.54,22.75
"Guatemala",92.53,99.17,96.03,100.23,95.34,101.27
"Guinea",39.87,36.01,32.91,33.97,31.57,20.4
"Guinea-Bissau",12.19,10.06,12.75,10.88,10.81,9.76
"Guyana",39.62,39.15,42.18,37.25,36.5,35.44
"Haiti",43,42.55,34.26,41.69,37.3,36.03
"Honduras",65.5,70.38,61.94,59.85,48.15,53.55
"Iceland",19.6,17.09,21.79,21.53,21.24,23.69
"India",249.89,254.64,257.57,242.56,248.5,267.93
"Indonesia",222.61,206.87,233.36,228.03,228.78,196
"Iran (Islamic Republic of)",121.92,103.48,103.13,51.97,46.52,57.14
"Iraq",33.6,53.12,63.43,64.72,70.94,76.44
"Ireland",57.35,51.28,52.59,56.59,51.11,55.14
"Israel",112.85,114.04,115.25,110.92,111.28,119.61
"Italy",291.63,292.05,289.12,282.88,268.66,262.04
"Jamaica",95.7,101.87,96.48,100.02,102.82,112.74
"Japan",431.7,401.1,396.56,411.51,411.53,402.42
"Jordan",67.12,66.26,72.09,71.27,67.94,71.34
"Kenya",56.21,58.12,60.43,70.92,60.63,57.63
"Kiribati",16.15,14.99,15.04,5.05,15.18,15.12
"Kuwait",32.64,26.38,34.97,43.35,37.06,34.31
"Latvia",31.62,26.73,31.01,33.81,34.15,31.87
"Lebanon",101.55,92.22,100.7,103.89,99.64,97.63
"Liberia",23.45,19.48,17.97,21.41,22.56,14.62
"Libya",57.66,47.67,56.43,55.97,54.79,53.02
"Lithuania",45.25,35.15,47.77,63.47,49.67,45.24
"Madagascar",38.8,34.64,31.06,28.22,31.38,24.49
"Malaysia",477.56,471.55,468.78,449.86,470.99,477.96
"Maldives",19.35,18.21,18.08,19.52,19.28,18.36
"Malta",144.31,135.56,139.75,139.31,115.18,121.78
"Marshall Islands",21.13,19.97,22.86,15.44,22.56,23.24
"Martinique",24.02,32.71,36.34,31.73,40.33,45.34
"Mauritania",21.13,26.32,37.17,30.52,24.58,26.56
"Mauritius",76.62,72.09,68.5,72.87,73.95,68.35
"Mayotte",30.19,21.28,20.17,18.1,19.96,16.39
"Mexico",173.38,160.31,164.2,167.2,178.85,179.28
"Micronesia (Federated States of)",7.65,8.05,6.19,12.83,12.83,14.97
"Montenegro",13.17,12.09,10.41,9.42,15.47,15.01
"Montserrat",10.87,14,13.99,13.99,13.99,13.99
"Morocco",201.7,210.05,242.27,199.3,215.75,220.15
"Mozambique",43.96,36.92,41.4,36.39,44.06,52.49
"Myanmar",50.95,45.38,45.19,34.04,39.84,39.95
"Namibia",59.61,47.21,44.39,42.74,42.15,36.49
"Nauru",6.86,4.53,4.32,5,4.32,
"Netherlands (Kingdom of the)",396.54,391.14,407.95,411.17,407.27,402.96
"Netherlands Antilles",,,,,,
"New Caledonia",46.09,45.3,41.61,36.12,38.42,39.33
"New Zealand",89.89,104.7,100.84,91.89,89.23,90.27
"Nicaragua",24.72,24.72,26.76,21.05,22.33,30.4
"Nigeria",104.63,92.1,81.6,78.09,83.55,80.5
"Niue",,,,,,5.76
"Norfolk Island",3.88,3.9,5.05,2.5,2.5,2.5
"Northern Mariana Islands",13.02,23.1,16.46,16.59,16.38,15.55
"Norway",59.64,53.87,48.9,60.36,70.11,67.02
"Oman",148.51,138.31,157.05,152.62,143.81,146.52
"Pakistan",130.02,115.53,128.7,112.08,118.55,131.1
"Palau",,9.23,9.26,8.55,8.35,7.56
"Panama",204.28,195.4,188.17,182.99,187.82,193.47
"Papua New Guinea",45.45,47.82,46.26,44.61,43.55,46.04
"Paraguay",4.45,4.45,4.45,6.67,8.76,8.76
"Peru",108.13,117.44,114.91,122.51,120.5,115.51
"Philippines",159.97,170.94,170.76,172.51,163.11,147.36
"Poland",101.78,105.1,116.94,120.08,132.24,125.76
"Portugal",158.85,164.53,166.29,179.9,147.8,161.35
"Puerto Rico",42.51,44.72,39.9,48.51,46.17,49.19
"Qatar",45.41,53.47,83.13,88.19,85.69,96.77
"Republic of Korea",536.18,528.12,545.63,556.09,558.91,552.78
"Republic of Moldova",3.65,3.65,3.65,3.64,3.07,3.07
"Reunion",54.45,59.91,58.27,44.93,53.91,47.22
"Romania",65.79,62.19,65.09,60.23,57.94,61.3
"Russian Federation",229.87,210.37,207.4,199.66,181.33,179.27
"Saint Kitts and Nevis",21.51,23.23,26.05,25.38,21.94,17.62
"Saint Lucia",31.43,27.52,26.69,23.17,21.13,21.1
"Saint Vincent and the Grenadines",33.73,32.15,26.54,23.83,25.19,25.15
"Samoa",27.2,24.2,25.22,29,30.46,32.56
"Sao Tome and Principe",15.46,14.76,12.04,15.49,12.77,12.77
"Saudi Arabia",191.5,198.19,216.24,199.3,213.33,226.22
"Senegal",57.32,56.7,63.77,50.27,51.65,53.5
"Serbia and Montenegro",,,,,,
"Seychelles",29.86,22.49,21.7,27.08,28.39,24.02
"Sierra Leone",25.84,22.95,25.94,17.81,17.85,17.9
"Singapore",556.69,537.84,597.43,576.27,566.78,581.3
"Sint Maarten (Dutch part)",38.66,44.32,46.2,39.11,39.89,40.24
"Slovenia",77.39,75.05,71.74,66.16,74.23,67.45
"Solomon Islands",36.08,32.55,33.61,34.43,30.85,30.5
"Somalia",22.97,29.01,26.99,27.68,29.24,35.08
"South Africa",134.74,123.3,118.21,116.76,114.99,114.84
"Spain",389.86,380.24,383.85,367,370.63,381.89
"Sri Lanka",197.34,220.44,222.7,213.76,223.42,244.99
"Sudan",43.45,34.05,26.72,22.96,24.75,22.67
"Sudan (...2011)",,,,,,
"Suriname",39.92,35.52,34.9,36.11,39.35,38.98
"Sweden",121.71,154.98,126.07,118.84,112.99,107.96
"Syrian Arab Republic",32.26,37.17,34.75,31.75,30.88,29.91
"Thailand",214.41,207.39,217.6,225.36,218,229.87
"Timor-Leste",11.37,11.68,11.27,11.27,11.27,12.22
"Togo",83.46,76.53,84.87,83.03,82.99,90.34
"Tonga",23.89,28.66,28.31,25.89,22.28,29.21
"Trinidad and Tobago",77.97,59.88,62.47,61.91,62.02,62.25
"Tunisia",50.75,41.3,41.1,37.28,34.29,27.73
"Turkiye",216.95,227.97,242.1,229.03,225.81,231.22
"Turks and Caicos Islands",,,,4.13,4.13,4.13
"Tuvalu",8.79,5.49,5.55,5.05,5.05,4.37
"Ukraine",63.69,63.95,71.35,66.52,65.24,76.3
"United Arab Emirates",309.05,289.71,295.17,275.04,277.66,278.61
"United Kingdom",408.22,401.52,395.65,400.13,386.94,395.59
"United Republic of Tanzania",52.34,49.74,52.28,64.03,50.62,48.54
"United States",486.62,469.29,471.66,481.63,484.29,508.45
"United States Virgin Islands",23.15,23.34,21.53,21.58,22.71,26.97
"Uruguay",79.19,84.01,86.76,84.22,83.04,84.82
"Vanuatu",24.07,24.25,22.89,22.14,23.49,23.48
"Venezuela (Bolivarian Rep. of)",61.99,54.49,49.11,48.31,43.83,38.15
"Viet Nam",270.79,276.31,301.41,311.47,309.41,345.29
"Wallis and Futuna Islands",8.18,5.49,5.55,5.05,5.05,
"Yemen",33.86,21.17,16.3,15.17,21.59,19.22
