Economy_Label,2016_Percentage_of_total_world_Value,2017_Percentage_of_total_world_Value,2018_Percentage_of_total_world_Value,2019_Percentage_of_total_world_Value,2020_Percentage_of_total_world_Value,2021_Percentage_of_total_world_Value
"Individual economies",,,,,,
"Albania",0,0,0,0,0,0
"Algeria",0,0,0.014,0.014,0.013,0.013
"Angola",0,0,0,0,0,0
"Anguilla",0,0,0,0,0,0
"Antigua and Barbuda",2.036,1.646,1.174,0.832,0.703,0.668
"Argentina",0.006,0.006,0.006,0.006,0.005,0.005
"Aruba",,,,,,0
"Australia",0,0,0,0,0,0
"Austria",0,0,0,0,0,0
"Azerbaijan",0,0,0,0,0,0
"Bahamas",0.604,0.595,0.477,0.47,0.629,0.526
"Bahrain",0.094,0.073,0.004,0.003,0,0
"Bangladesh",0.01,0.011,0.006,0.006,0.006,0.023
"Barbados",0.002,0,0,0,0,0
"Belarus",0,0,0,0,0,0
"Belgium",0,0,0,0,0.095,0.117
"Belize",0.012,0.009,0.013,0.011,0.013,0.002
"Benin",0,0,0,0,0,0
"Bermuda",0.075,0.137,0.211,0.201,0.212,0.207
"Bolivia (Plurinational State of)",0,0,0,0,0,0
"Brazil",0.283,0.281,0.245,0.279,0.284,0.279
"British Virgin Islands",0,0,0,0,0,0
"Brunei Darussalam",0,0,0,0,0,0
"Bulgaria",0,0,0,0,0,0
"Cabo Verde",0,0,0,0,0,0
"Cambodia",0.017,0.008,0.005,0.005,0.005,0.005
"Cameroon",0,0,0,0,0,0.013
"Canada",0.006,0.006,0.006,0.006,0.005,0.005
"Cayman Islands",0,0,0,0,0,0.023
"Chile",0.016,0.052,0.05,0.048,0.046,0.045
"China",2.771,2.841,3.463,3.678,3.797,3.972
"China, Hong Kong SAR",11.936,12.287,12.735,14.127,14.214,13.99
"China, Macao SAR",0,0,0,0,0,0
"China, Taiwan Province of",0.716,0.704,0.734,0.803,0.805,0.784
"Colombia",0,0,0,0,0,0
"Comoros",0.002,0.009,0.028,0.031,0.228,0.03
"Congo",0,0,0,0,0,0
"Cook Islands",0.015,0.014,0.011,0.006,0.002,0.002
"Costa Rica",0,0,0,0,0,0
"Cote d'Ivoire",0,0,0,0,0,0
"Croatia",0,0,0,0,0,0
"Cuba",0,0,0,0,0,0
"Curacao",0,0,0,0,0,0
"Cyprus",1.926,1.91,1.914,1.845,1.934,1.763
"Czechoslovakia",,,,,,
"Dem. People's Rep. of Korea",0.006,0.009,0.011,0.01,0.01,0.01
"Dem. Rep. of the Congo",0,0,0,0,0,0
"Democratic Republic of Germany",,,,,,
"Denmark",4.665,4.653,5.146,6.159,6.034,5.841
"Djibouti",0,0,0,0,0,0.005
"Dominica",0,0,0,0,0,0
"Dominican Republic",0,0,0,0.003,0.003,0.003
"Ecuador",0,0,0.002,0.002,0.002,0.002
"Egypt",0.044,0.061,0.059,0.047,0.052,0.053
"El Salvador",0,0,0,0,0,0
"Equatorial Guinea",0.004,0.004,0.004,0,0,0
"Eritrea",0,0,0,0,0,0
"Estonia",0,0,0,0,0,0
"Ethiopia",0,0,0,0,0,0
"Ethiopia (...1991)",,,,,,
"Falkland Islands (Malvinas)",0,0,0,0,0,0
"Faroe Islands",0.009,0.009,0.012,0.029,0.028,0.034
"Federal Republic of Germany",,,,,,
"Fiji",0,0,0,0,0,0
"Finland",0.006,0.006,0.005,0.005,0.005,0.005
"France",0.958,0.911,0.883,0.956,1.017,1.109
"French Polynesia",0,0,0,0,0,0
"French Southern Territories",,0.041,0.04,0,0,0
"Gabon",0,0,0.009,0.009,0,0
"Gambia",0,0,0,0,0,0
"Georgia",0,0,0,0,0,0
"Germany",4.008,3.743,3.345,2.66,2.67,2.416
"Ghana",0,0,0,0,0,0
"Gibraltar",0.349,0.276,0.145,0.128,0.124,0.102
"Greece",0.335,0.275,0.222,0.197,0.195,0.152
"Greenland",0,0,0,0,0,0
"Grenada",0,0,0,0,0,0
"Guam",0,0,0,0,0,0
"Guatemala",0,0,0,0,0,0
"Guinea",0,0,0,0,0,0
"Guinea-Bissau",0,0,0,0,0,0
"Guyana",0,0,0,0,0,0
"Haiti",0,0,0,0,0,0
"Honduras",0.001,0,0,0,0,0
"Hungary",,,,0,0,0
"Iceland",0,0,0,0,0,0
"India",0.162,0.206,0.221,0.258,0.243,0.229
"Indonesia",0.73,0.799,0.945,0.912,0.886,0.883
"Indonesia (...2002)",,,,,,
"Iran (Islamic Republic of)",0.462,0.494,0.444,0.423,0.421,0.62
"Iraq",0,0,0,0,0,0
"Ireland",0,0,0,0,0,0
"Isle of Man",0.48,0.534,0.204,0.163,0.183,0.179
"Israel",0.118,0.117,0.114,0.108,0.113,0.11
"Italy",0.255,0.254,0.246,0.214,0.168,0.164
"Jamaica",0.018,0.033,0.032,0.031,0.025,0.016
"Japan",0.174,0.289,0.372,0.592,0.826,0.882
"Jordan",0,0,0,0,0,0
"Kazakhstan",0,0,0,0,0,0
"Kenya",0,0,0,0,0,0
"Kiribati",0.001,0,0,0,0,0
"Kuwait",0.094,0,0,0,0,0
"Lao People's Dem. Rep.",0,0,0,0,0,0
"Latvia",0,0,0,0,0,0
"Lebanon",0,0.002,0.002,0.002,0,0
"Liberia",19.266,18.408,17.799,17.272,17.296,17.268
"Libya",0,0,0,0,0,0
"Lithuania",0.009,0.009,0.013,0.012,0.017,0.016
"Luxembourg",0.592,0.455,0.222,0.088,0.009,0.008
"Madagascar",0,0,0,0,0,0
"Malaysia",0.09,0.131,0.1,0.106,0.123,0.131
"Maldives",0.002,0.002,0,0,0,0
"Malta",6.109,6.547,6.801,6.75,8.307,8.339
"Marshall Islands",5.585,5.36,5.626,5.399,5.103,4.876
"Mauritania",0,0,0,0,0,0
"Mauritius",0,0,0,0,0,0
"Mexico",0,0,0,0,0,0.002
"Micronesia (Federated States of)",0,0,0,0,0,0
"Monaco",0,0,0,0,0,0
"Mongolia",0.016,0.011,0.011,0.011,0.012,0.017
"Montenegro",0,0,0,0,0,0
"Morocco",0.038,0.028,0.031,0.023,0.034,0.03
"Mozambique",0,0,0,0,0,0
"Myanmar",0,0,0,0,0,0
"Namibia",0,0,0,0,0,0
"Nauru",,,,0,0,0
"Netherlands (Kingdom of the)",0.379,0.312,0.293,0.282,0.269,0.141
"Netherlands Antilles",,,,,,
"New Caledonia",0,0,0,0,0,0
"New Zealand",0.003,0,0,0,0.008,0.008
"Nicaragua",0,0,0,0,0,0
"Niger",0,0,0,0,0,0
"Nigeria",0,0,0,0,0,0
"Niue",,0,0.001,0.001,0.001,0.002
"Norway",0,0,0,0,0,0.001
"Oman",0,0,0,0,0,0
"Pakistan",0,0,0,0,0,0
"Palau",0.044,0.074,0.078,0.087,0.027,0.026
"Panama",15.648,15.106,14.16,14.118,14.351,15.064
"Panama, excluding Canal Zone",,,,,,
"Papua New Guinea",0.018,0.017,0.016,0.016,0.013,0.013
"Paraguay",0.005,0.005,0.005,0.004,0.004,0.004
"Peru",0.015,0.015,0.015,0.009,0,0
"Philippines",0.109,0.125,0.142,0.117,0.112,0.107
"Poland",0.003,0.003,0.003,0,0,0
"Portugal",2.111,3.748,4.656,4.096,3.886,3.964
"Puerto Rico",,,,,,0
"Qatar",0.066,0.028,0.042,0.04,0.038,0.03
"Republic of Korea",0.541,0.53,0.551,0.523,0.655,0.98
"Republic of Moldova",0.006,0.007,0.011,0.013,0.015,0.014
"Reunion",0,0,0,0,0,0
"Romania",0,0,0,0,0,0
"Russian Federation",0.032,0.036,0.036,0.035,0.041,0.043
"Saint Kitts and Nevis",0.037,0.025,0.033,0.027,0.026,0.053
"Saint Vincent and the Grenadines",0.086,0.084,0.118,0.081,0.117,0.132
"Samoa",0,0,0,0,0,0
"Sao Tome and Principe",0,0,0,0,0,0
"Saudi Arabia",0.2,0.002,0.002,0.002,0.002,0.002
"Senegal",0,0,0,0,0,0
"Serbia and Montenegro",,,,,,
"Seychelles",0,0,0,0,0,0
"Sierra Leone",0.032,0.018,0.018,0.016,0.02,0.013
"Singapore",10.165,10.402,10.356,10.382,10.34,10.298
"Slovakia",,0,,,,
"Slovenia",0,0,0,0,0,0
"Solomon Islands",0,0,0,0,0,0
"Somalia",0,0,0,0,0,0
"South Africa",0,0,0,0,0,0
"South Sudan",0,,,,,
"Spain",0,0,0.014,0.014,0,0
"Sri Lanka",0.007,0.007,0.007,0.006,0.006,0
"Sudan",0,0,0,0,0,0
"Sudan (...2011)",,,,,,
"Suriname",0,0,0,0,0,0
"Sweden",0,0,0,0,0,0
"Switzerland",0,0,0,0,0,0
"Syrian Arab Republic",0,0,0,0,0,0
"Thailand",0.111,0.113,0.109,0.118,0.124,0.119
"Timor-Leste",,,,0,0,0
"Togo",0.006,0.006,0.007,0.009,0.013,0.021
"Tonga",0.002,0,0.001,0.006,0.004,0.001
"Trinidad and Tobago",0,0,0,0,0,0
"Tunisia",0,0,0,0,0,0.003
"Turkiye",0.402,0.416,0.482,0.454,0.338,0.317
"Turkmenistan",0,0,0,0,0,0
"Turks and Caicos Islands",0,0,0,0,0,0
"Tuvalu",0.004,0.004,0.002,0.019,0.018,0.018
"Uganda",0,0,,,,
"Ukraine",0,0,0.001,0.001,0.001,0.001
"Union of Soviet Socialist Republics",,,,,,
"United Arab Emirates",0.09,0.011,0.011,0.01,0.024,0.024
"United Kingdom",3.327,3.152,3.305,3.257,1.324,1.359
"United Republic of Tanzania",0.006,0.011,0.013,0.011,0.008,0.009
"United States",1.206,1.183,1.147,1.139,1.141,1.077
"United States Virgin Islands",,0,0,0,0,0
"Uruguay",0.001,0.001,0.001,0.001,0.001,0.001
"Vanuatu",0.013,0.002,0,0,0.002,0.005
"Venezuela (Bolivarian Rep. of)",0.001,0.001,0.001,0.001,0.001,0.001
"Viet Nam",0.14,0.146,0.163,0.156,0.154,0.162
"Wallis and Futuna Islands",,,,,,0
"Yemen",0,0,0,0,0,0
"Yemen, Arab Republic",,,,,,
"Yemen, Democratic",,,,,,
"Yugoslavia, Soc. Fed. Rep. of",,,,,,
"Zambia",0,,,,,0
